product_link,product_brand,product_model,product_variant,product_price_(Rp),product_transmission,product_mileage_(km),production_year,product_location
www.mobbi.id/in/mobil-bekas/honda-jazz-rs-2019/p/SN202306-000000032,Honda,CITY,RS,268000000.0,Manual,4847.0,2021,Kota Jakarta Utara
www.mobbi.id/in/mobil-bekas/honda-hrv-hrv-1-8-prestige-2018/p/SN202212-0000001011,Honda,BRIO,RS,175000000.0,Manual,26077.0,2021,Kota Pekanbaru
www.mobbi.id/in/mobil-bekas/honda-cr-v-turbo-prestige-2019/p/SN202304-000000223,Honda,JAZZ,RS,253000000.0,Automatic,78434.0,2018,Kota Bandung
www.mobbi.id/in/mobil-bekas/daihatsu-granmax-pu-1-3-m-t-2021/p/SN202306-0000006142,Honda,JAZZ,RS NEW,244000000.0,Automatic,78380.0,2017,Kota Bandung
www.mobbi.id/in/mobil-bekas/honda-cr-v-turbo-2019/p/SN202303-000000479,Honda,HR-V,E SPECIAL EDITION,300000000.0,Automatic,50375.0,2020,Kota Surabaya
www.mobbi.id/in/mobil-bekas/honda-hr-v-e-2021/p/SN202304-000000032,Honda,BRIO,RS,197000000.0,Automatic,32349.0,2021,Kota Semarang
www.mobbi.id/in/mobil-bekas/honda-brio-rs-2019/p/SN202306-000000288,Honda,CR-V,TURBO PRESTIGE,454000000.0,Automatic,61843.0,2019,Kota Jakarta Selatan
www.mobbi.id/in/mobil-bekas/honda-brio-rs-2016/p/SN202212-000000249,Honda,JAZZ,RS,248000000.0,Automatic,38103.0,2018,Kota Jakarta Selatan
www.mobbi.id/in/mobil-bekas/honda-cr-v-2010/p/SN202305-000000807,Honda,BRIO,RS,147000000.0,Automatic,72932.0,2016,Kota Jakarta Utara
www.mobbi.id/in/mobil-bekas/honda-jazz-rs-2018/p/SN202305-000000600,Honda,BRIO,RS,169000000.0,Automatic,31974.0,2018,Kota Jakarta Utara
www.mobbi.id/in/mobil-bekas/honda-crv-cr-v-2-4-at-2016/p/SN202301-0000002045,Honda,BR-V,E,182000000.0,Automatic,104261.0,2016,Kota Medan
www.mobbi.id/in/mobil-bekas/daihatsu-granmax-pu-1-5-m-t-2020/p/SN202306-0000006153,Honda,CR-V,TURBO PRESTIGE,448000000.0,Automatic,50131.0,2018,Kota Palembang
www.mobbi.id/in/mobil-bekas/honda-cr-v-2014/p/SN202306-000000136,Honda,CR-V,FENDER,297000000.0,Automatic,88343.0,2016,Kota Jakarta Selatan
www.mobbi.id/in/mobil-bekas/honda-hrv-hrv-1-8-rs-a-t-2016/p/SN202206-0000006026,Honda,JAZZ,RS,262000000.0,Automatic,52369.0,2019,Kota Depok
www.mobbi.id/in/mobil-bekas/honda-jazz-jazz-e-rs-at-2014/p/SN202304-0000000002,Honda,HR-V,S,261000000.0,Automatic,35035.0,2020,Kota Palembang
www.mobbi.id/in/mobil-bekas/honda-brio-brio-satya-e-1-2-mt-2018/p/SN202303-0000011020,Honda,CITY,RS,234000000.0,Manual,39295.0,2021,Kota Depok
www.mobbi.id/in/mobil-bekas/honda-brio-satya-1-2-e-m-t-2017/p/SN202306-0000002032,Honda,CIVIC,TURBO ES,374000000.0,Automatic,77150.0,2017,Kota Surabaya
www.mobbi.id/in/mobil-bekas/honda-cr-v-2016/p/SN202305-000000180,Honda,BRIO,RS,160000000.0,Automatic,42634.0,2018,Kota Semarang
www.mobbi.id/in/mobil-bekas/honda-brio-rs-2018/p/SN202306-000000389,Honda,JAZZ,RS,265000000.0,Automatic,38882.0,2019,Kota Bandung
www.mobbi.id/in/mobil-bekas/honda-crv-cr-v-2-4-at-prestige-2015/p/SN202302-0000000003,Honda,BRIO,E SATYA,142000000.0,Automatic,70467.0,2017,Kota Bekasi
www.mobbi.id/in/mobil-bekas/honda-jazz-rs-2015/p/SN202307-0000000017,Honda,MOBILIO,E SE,182000000.0,Automatic,39588.0,2018,Kota Semarang
www.mobbi.id/in/mobil-bekas/honda-hrv-hrv-1-5-s-a-t-2017/p/SN202210-0000000023,Honda,CR-V,TURBO,384000000.0,Automatic,48497.0,2018,Kota Surabaya
www.mobbi.id/in/mobil-bekas/honda-brio-e-satya-2018/p/SN202306-000000256,Honda,CR-V,,288000000.0,Automatic,59043.0,2016,Kota Bandung
www.mobbi.id/in/mobil-bekas/honda-jazz-rs-2019/p/SN202303-000000622,Honda,ACCORD,VTI-L,721000000.0,Automatic,21832.0,2022,Kota Jakarta Selatan
www.mobbi.id/in/mobil-bekas/honda-brio-rs-2019/p/SN202304-000000163,Honda,CR-V,TURBO PRESTIGE,433000000.0,Automatic,73350.0,2018,Kota Semarang
www.mobbi.id/in/mobil-bekas/honda-brio-rs-new-2018/p/SN202306-000000326,Honda,BR-V,E PRESTIGE,208000000.0,Automatic,80554.0,2017,Kota Jakarta Utara
www.mobbi.id/in/mobil-bekas/honda-brio-rs-2018/p/SN202306-000000456,Honda,CR-V,TURBO,424000000.0,Automatic,14517.0,2019,Kota Medan
www.mobbi.id/in/mobil-bekas/honda-jazz-rs-2018/p/SN202305-000000386,Honda,JAZZ,RS,273000000.0,Automatic,57131.0,2019,Kota Jakarta Utara
www.mobbi.id/in/mobil-bekas/Honda-BRIO/p/SN202102-000000052,Honda,BRIO,RS,202000000.0,Automatic,41604.0,2020,Kota Bandung
www.mobbi.id/in/mobil-bekas/honda-brio-rs-2018/p/SN202212-000000160,Honda,JAZZ,RS,271000000.0,Automatic,54713.0,2019,Kota Jakarta Utara
www.mobbi.id/in/mobil-bekas/honda-mobilio-mobilio-s-mt-2018/p/SN202305-0000002165,Honda,JAZZ,RS,277000000.0,Automatic,59374.0,2019,Kota Jakarta Utara
www.mobbi.id/in/mobil-bekas/Honda-BR-V/p/SN201908-000000267,Honda,CR-V,TURBO PRESTIGE,448000000.0,Automatic,72608.0,2019,Kota Jakarta Timur
www.mobbi.id/in/mobil-bekas/honda-hrv-hrv-1-8-prestige-2017/p/SN202301-0000002064,Honda,FREED,E,175000000.0,Automatic,135550.0,2014,Kota Medan
www.mobbi.id/in/mobil-bekas/daihatsu-granmax-pu-1-5-m-t-2022/p/SN202306-0000007001,Honda,BR-V,E PRESTIGE,190000000.0,Automatic,123450.0,2016,Kota Surabaya
www.mobbi.id/in/mobil-bekas/honda-cr-v-turbo-prestige-2019/p/SN202305-000000249,Honda,JAZZ,RS,244000000.0,Automatic,49966.0,2018,Kab. Tangerang
www.mobbi.id/in/mobil-bekas/honda-crv-cr-v-2-4-at-2016/p/SN202212-0000000090,Honda,CIVIC,,199000000.0,Automatic,91881.0,2014,Kota Bandung
www.mobbi.id/in/mobil-bekas/honda-crv-cr-v-2-4-at-prestige-2015/p/SN202212-0000001056,Honda,HR-V,E,285000000.0,Automatic,87800.0,2021,Kota Jakarta Timur
www.mobbi.id/in/mobil-bekas/honda-crv-all-new-crv-2-0-at-2017/p/SN202207-0000001155,Honda,CR-V,,225000000.0,Automatic,140407.0,2014,Kota Bandung
www.mobbi.id/in/mobil-bekas/honda-brio-rs-2021/p/SN202304-000000338,Honda,BRIO,RS,156000000.0,Automatic,44036.0,2018,Kota Jakarta Pusat
www.mobbi.id/in/mobil-bekas/honda-city-city-ivtec-1-5-e-cvt-2019/p/SN202208-0000004005,Honda,BRIO,RS,160000000.0,Manual,124522.0,2019,Kota Depok
www.mobbi.id/in/mobil-bekas/honda-hr-v-e-2015/p/SN202305-000000510,Honda,CR-V,NEW,218000000.0,Automatic,103562.0,2015,Kota Jakarta Pusat
www.mobbi.id/in/mobil-bekas/-mobilio-1-5-e-cvt-2018/p/SN202306-0000003024,Honda,CR-V,,125000000.0,Automatic,117030.0,2010,Kota Medan
www.mobbi.id/in/mobil-bekas/toyota-all-new-rush-1-5-s-m-t-gr-sport-2022/p/SN202306-0000006168,Honda,HR-V,E,205000000.0,Automatic,97457.0,2015,Kota Bandung
www.mobbi.id/in/mobil-bekas/honda-mobilio-e-se-2018/p/SN202305-000000048,Honda,BRIO,RS,174000000.0,Automatic,64932.0,2019,Kab. Tangerang
www.mobbi.id/in/mobil-bekas/honda-jazz-jazz-e-rs-at-2017/p/SN202210-0000000017,Honda,CRV,ALL NEW CRV 2.0 AT,292491584.0,Automatic,51295.0,2017,Kota Tangerang Selatan
www.mobbi.id/in/mobil-bekas/honda-cr-v-prestige-2016/p/SN202306-000000563,Honda,JAZZ,JAZZ E / RS AT,162000000.0,Automatic,111705.0,2014,Kota Bandung
www.mobbi.id/in/mobil-bekas/honda-freed-e-2014/p/SN202304-000000245,Honda,CR-V,TURBO,390000000.0,Automatic,52950.0,2018,Kota Jakarta Timur
www.mobbi.id/in/mobil-bekas/honda-brio-e-satya-2014/p/SN202307-0000000014,Honda,MOBILIO,1.5 E CVT,199950000.0,Automatic,82156.0,2018,Kota Jakarta Selatan
www.mobbi.id/in/mobil-bekas/honda-mobilio-e-new-2017/p/SN202306-000000287,Honda,HRV,HRV 1.5 E A/T,300320000.0,Automatic,24513.0,2020,Kota Surabaya
www.mobbi.id/in/mobil-bekas/Civic-TURBO-2017-Bekas/p/SN201909-000000579,Honda,CITY,CITY  IVTEC 1.5 E CVT,262140000.0,Automatic,17258.0,2019,Kota Tangerang Selatan
www.mobbi.id/in/mobil-bekas/honda-jazz-rs-2019/p/SN202305-000000678,Honda,JAZZ,JAZZ E / RS AT,216240000.0,Automatic,108560.0,2017,Kota Medan
www.mobbi.id/in/mobil-bekas/honda-cr-v-turbo-prestige-2018/p/SN202305-000000762,Honda,HRV,HRV 1.5 S A/T,227460000.0,Automatic,52054.0,2017,Kota Medan
www.mobbi.id/in/mobil-bekas/honda-city-rs-2021/p/SN202305-000000006,Honda,CRV,ALL NEW CRV 1.5 TURBO PRESTIGE AT,443700000.0,Automatic,58756.0,2018,Kota Bogor
www.mobbi.id/in/mobil-bekas/honda-brio-rs-2021/p/SN202303-000000382,Honda,CRV,CR-V 2.4 AT PRESTIGE,275400000.0,Automatic,67956.0,2015,Kota Bekasi
www.mobbi.id/in/mobil-bekas/honda-hrv-hrv-1-5-s-a-t-2019/p/SN202307-0000000027,Honda,HRV,HRV 1.5 E A/T,280500000.0,Automatic,45567.0,2019,Kota Medan
www.mobbi.id/in/mobil-bekas/honda-crv-cr-v-2-4-at-2016/p/SN202212-0000006049,Honda,BRV,BR-V E AT,175440000.0,Automatic,139280.0,2017,Kota Tangerang Selatan
www.mobbi.id/in/mobil-bekas/honda-brio-e-satya-2017/p/SN202306-000000364,Honda,HRV,HRV 1.5 E A/T SE,268000000.0,Automatic,54420.0,2018,Kota Bandung
www.mobbi.id/in/mobil-bekas/honda-crv-cr-v-2-4-at-2012/p/SN202207-0000002080,Honda,HRV,HRV 1.5 S A/T,260000000.0,Automatic,74942.0,2019,Kota Bandung
www.mobbi.id/in/mobil-bekas/honda-brio-satya-1-2-e-m-t-2019/p/SN202307-0000000060,Honda,BRIO SATYA,1.2 E M/T,148350000.0,Manual,100715.0,2019,Kota Jakarta Selatan
www.mobbi.id/in/mobil-bekas/honda-crv-cr-v-2-4-at-prestige-2016/p/SN202301-0000002046,Honda,CRV,CR-V 2.4 AT PRESTIGE,311100000.0,Automatic,42422.0,2015,Kota Bekasi
www.mobbi.id/in/mobil-bekas/honda-cr-v-fender-2016/p/SN202305-000000697,Honda,BRIO,BRIO RS 1.2 CVT,196860000.0,Automatic,17513.0,2021,Kota Tangerang Selatan
www.mobbi.id/in/mobil-bekas/honda-hr-v-s-2020/p/SN202303-000000335,Honda,CR-V,PRESTIGE,272000000.0,Automatic,64724.0,2016,Kota Medan
www.mobbi.id/in/mobil-bekas/honda-hrv-hrv-1-5-e-a-t-2019/p/SN202302-0000000008,Honda,BR-V,E PRESTIGE,186000000.0,Automatic,63704.0,2016,Kota Pekanbaru
www.mobbi.id/in/mobil-bekas/daihatsu-granmax-pu-1-3-m-t-2021/p/SN202306-0000006146,Honda,BRIO,E SATYA,115260000.0,Manual,27937.0,2014,Kota Tangerang Selatan
www.mobbi.id/in/mobil-bekas/toyota-calya-1-2-g-a-t-2021/p/SN202306-0000006145,Honda,JAZZ,RS,196860000.0,Automatic,89585.0,2015,Kota Tangerang Selatan
www.mobbi.id/in/mobil-bekas/honda-brio-rs-2020/p/SN202305-000000556,Honda,CR-V,NEW,245000000.0,Automatic,117806.0,2015,Kota Tangerang Selatan
www.mobbi.id/in/mobil-bekas/honda-city-rs-2021/p/SN202203-000000210,Honda,BRIO,RS NEW,185000000.0,Automatic,26676.0,2018,Kota Bandung
www.mobbi.id/in/mobil-bekas/honda-hrv-hrv-1-5-e-a-t-se-2018/p/SN202307-0000000026,Honda,CRV,CR-V 2.4 AT,210000000.0,Automatic,139157.0,2012,Kota Bandung
www.mobbi.id/in/mobil-bekas/daihatsu-ayla-1-0-d%2B-m-t-new-2022/p/SN202306-0000006175,Honda,CRV,CR-V 2.4 AT,280500000.0,Automatic,84194.0,2016,Kota Bekasi
www.mobbi.id/in/mobil-bekas/honda-brv-br-v-e-at-2017/p/SN202301-0000002010,Honda,CRV,CR-V 2.4 AT,280500000.0,Automatic,88658.0,2016,Kota Bekasi
www.mobbi.id/in/mobil-bekas/honda-civic-2014/p/SN202110-000000299,Honda,HRV,HRV 1.8 RS A/T,260100000.0,Automatic,57285.0,2016,Kota Bekasi
www.mobbi.id/in/mobil-bekas/honda-brio-brio-rs-1-2-cvt-2021/p/SN202304-0000002026,Honda,BRIO,RS,156000000.0,Manual,17822.0,2018,Kota Bandung
www.mobbi.id/in/mobil-bekas/honda-crv-cr-v-2-4-at-2016/p/SN202212-0000006050,Honda,CRV,ALL NEW CRV 1.5 TURBO PRESTIGE AT,433500000.0,Automatic,58534.0,2018,Kota Bogor
www.mobbi.id/in/mobil-bekas/honda-accord-vti-l-2022/p/SN202305-000000236,Honda,HRV,HRV 1.5 E A/T,306000000.0,Automatic,28928.0,2020,Kota Bogor
www.mobbi.id/in/mobil-bekas/honda-brv-br-v-e-at-2017/p/SN202303-0000008025,Honda,HRV,HRV 1.8 PRESTIGE,273360000.0,Automatic,62813.0,2017,Kota Bogor
www.mobbi.id/in/mobil-bekas/honda-cr-v-turbo-prestige-2018/p/SN202306-000000213,Honda,CRV,CR-V 2.4 AT,123000000.0,Automatic,225616.0,2007,Kab. Bekasi
www.mobbi.id/in/mobil-bekas/honda-brio-rs-2018/p/SN202306-000000020,Honda,MOBILIO,MOBILIO S MT,146000000.0,Manual,98686.0,2018,Kota Bandung
www.mobbi.id/in/mobil-bekas/Honda-CR-V/p/SN202101-000000400,Honda,BRIO SATYA,1.2 E M/T,135450000.0,Manual,86545.0,2017,Kota Jakarta Selatan
www.mobbi.id/in/mobil-bekas/honda-hr-v-e-special-edition-2020/p/SN202304-000000397,Honda,BRIO,RS,145000000.0,Manual,98890.0,2018,Kota Bekasi
www.mobbi.id/in/mobil-bekas/honda-hrv-hrv-1-5-e-a-t-2020/p/SN202301-0000002063,Honda,CR-V,TURBO,387000000.0,Automatic,76479.0,2018,Kota Jakarta Selatan
www.mobbi.id/in/mobil-bekas/honda-br-v-e-prestige-2017/p/SN202303-000000173,Honda,CRV,CR-V 2.4 AT,267240000.0,Automatic,68331.0,2016,Kota Tangerang Selatan
www.mobbi.id/in/mobil-bekas/honda-cr-v-new-2015/p/SN202305-000000700,Honda,HRV,HRV 1.8 PRESTIGE,306000000.0,Automatic,24951.0,2018,Kota Bekasi
www.mobbi.id/in/mobil-bekas/honda-crv-all-new-crv-1-5-turbo-prestige-at-2018/p/SN202210-0000006025,Honda,CRV,CR-V 2.4 AT PRESTIGE,316200000.0,Automatic,123438.0,2016,Kota Bekasi
www.mobbi.id/in/mobil-bekas/toyota-calya-1-2-g-m-t-2017/p/SN202306-0000006170,Honda,CRV,CR-V 2.4 AT,280500000.0,Automatic,52860.0,2016,Kota Bekasi
www.mobbi.id/in/mobil-bekas/honda-mobilio-mobilio-e-mt-2018/p/SN202303-0000011021,Honda,BRV,BR-V E AT,190000000.0,Automatic,43654.0,2017,Kota Bandung
www.mobbi.id/in/mobil-bekas/honda-hrv-hrv-1-5-e-a-t-2020/p/SN202206-0000001184,Honda,BRIO,BRIO SATYA E 1.2 MT,140000000.0,Manual,34566.0,2018,Kab. Bekasi
www.mobbi.id/in/mobil-bekas/toyota-agya-1-2-g-gr-sport-m-t-2022/p/SN202306-0000006172,Honda,MOBILIO,MOBILIO E MT,173000000.0,Manual,13332.0,2018,Kab. Bekasi
www.mobbi.id/in/mobil-bekas/honda-jazz-rs-2018/p/SN202306-000000271,Honda,GRANMAX,PU 1.3 M/T,112337500.0,Manual,30000.0,2021,Kota Jakarta Selatan
www.mobbi.id/in/mobil-bekas/honda-jazz-rs-2019/p/SN202303-000000739,Honda,CALYA,1.2 G A/T,158562500.0,Automatic,29069.0,2021,Kota Jakarta Selatan
www.mobbi.id/in/mobil-bekas/honda-cr-v-turbo-2018/p/SN202305-000000497,Honda,GRANMAX,PU 1.3 M/T,112337500.0,Manual,63743.0,2021,Kota Jakarta Selatan
www.mobbi.id/in/mobil-bekas/honda-jazz-rs-2019/p/SN202303-000000415,Honda,GRANMAX,PU 1.5 M/T,126205000.0,Manual,52002.0,2020,Kota Jakarta Selatan
www.mobbi.id/in/mobil-bekas/honda-cr-v-turbo-2018/p/SN202305-000000072,Honda,GRANMAX,PU 1.5 M/T,152650000.0,Manual,44107.0,2022,Kota Jakarta Selatan
www.mobbi.id/in/mobil-bekas/honda-br-v-e-prestige-2016/p/SN202306-000000567,Honda,ALL NEW RUSH,1.5 S M/T GR SPORT,278317500.0,Manual,10758.0,2022,Kota Jakarta Selatan
www.mobbi.id/in/mobil-bekas/honda-crv-cr-v-2-4-at-2007/p/SN202301-0000002074,Honda,CALYA,1.2 G M/T,117712500.0,Manual,147832.0,2017,Kota Jakarta Selatan
www.mobbi.id/in/mobil-bekas/HONDA-BR-V-E-2016-Bekas/p/SN202002-000000473,Honda,AGYA,1.2 G GR SPORT M/T,147275000.0,Manual,5504.0,2022,Kota Jakarta Selatan
www.mobbi.id/in/mobil-bekas/honda-jazz-rs-2018/p/SN202304-000000034,Honda,AYLA,1.0 D+ M/T NEW,113412500.0,Manual,9989.0,2022,Kota Jakarta Selatan
www.mobbi.id/in/mobil-bekas/honda-crv-all-new-crv-1-5-turbo-prestige-at-2018/p/SN202301-0000002062,Honda,GRANMAX,PU 1.5 M/T,152650000.0,Manual,23225.0,2022,Kota Jakarta Selatan
www.mobbi.id/in/mobil-bekas/toyota-new-agya-1-2-g-gr-sport-m-t-2022/p/SN202306-0000007006,Honda,NEW AGYA,1.2 G GR SPORT M/T,147275000.0,Manual,16284.0,2022,Kota Jakarta Selatan
www.mobbi.id/in/mobil-bekas/daihatsu-granmax-pu-1-5-m-t-2022/p/SN202306-0000006161,Honda,BRIO,E SATYA,148000000.0,Automatic,56653.0,2018,Kota Jakarta Pusat
www.mobbi.id/in/mobil-bekas/honda-jazz-rs-new-2017/p/SN202304-000000072,Honda,JAZZ,RS,233000000.0,Automatic,66060.0,2018,Kota Jakarta Timur
www.mobbi.id/in/mobil-bekas/honda-cr-v-turbo-2018/p/SN202306-000000498,Honda,MOBILIO,E NEW,166000000.0,Automatic,62091.0,2017,Kota Jakarta Selatan
www.mobbi.id/in/mobil-bekas/daihatsu-sigra-1-0-d-m-t-2022/p/SN202306-0000003060,Daihatsu,ROCKY,R ASA,241000000.0,Automatic,23693.0,2021,Kota Surabaya
www.mobbi.id/in/mobil-bekas/daihatsu-rocky-1-2-x-m-t-2022/p/SN202306-0000009052,Daihatsu,TERIOS,X DELUXE,215000000.0,Manual,14619.0,2022,Kota Surabaya
www.mobbi.id/in/mobil-bekas/daihatsu-sigra-r-2018/p/SN202306-000000067,Daihatsu,TERIOS,R,168000000.0,Automatic,85120.0,2016,Kota Depok
www.mobbi.id/in/mobil-bekas/daihatsu-sigra-1-0-d-m-t-2021/p/SN202305-0000000259,Daihatsu,AYLA,R,129000000.0,Manual,31267.0,2018,Kota Pekanbaru
www.mobbi.id/in/mobil-bekas/daihatsu-granmax-pu-1-5-m-t-2022/p/SN202306-0000004013,Daihatsu,TERIOS,TX ADVENTURE,152000000.0,Manual,116424.0,2014,Kota Palembang
www.mobbi.id/in/mobil-bekas/daihatsu-new-ayla-1-0-d%2B-mt-mc-2022/p/SN202306-0000003091,Daihatsu,GRAN MAX,PU,119000000.0,Manual,92687.0,2021,Kota Semarang
www.mobbi.id/in/mobil-bekas/daihatsu-new-ayla-1-2-x-at-mc-2023/p/SN202306-0000009058,Daihatsu,AYLA,R DELUXE,127000000.0,Manual,44619.0,2017,Kota Pekanbaru
www.mobbi.id/in/mobil-bekas/daihatsu-new-ayla-1-2-r-mt-mc-2020/p/SN202306-0000002014,Daihatsu,TERIOS,R,207000000.0,Automatic,61904.0,2018,Kota Jakarta Timur
www.mobbi.id/in/mobil-bekas/daihatsu-sigra-1-2-r-m-t-mc-2021/p/SN202305-0000000140,Daihatsu,XENIA,R,158000000.0,Manual,60148.0,2018,Kota Semarang
www.mobbi.id/in/mobil-bekas/daihatsu-sigra-1-2-x-m-t-e4-2022/p/SN202306-0000006133,Daihatsu,AYLA,R,124000000.0,Manual,44996.0,2017,Kota Surabaya
www.mobbi.id/in/mobil-bekas/daihatsu-granmax-pu-1-5-m-t-2022/p/SN202306-0000003058,Daihatsu,TERIOS,R DELUXE,248000000.0,Automatic,16315.0,2022,Kab. Tangerang
www.mobbi.id/in/mobil-bekas/daihatsu-new-ayla-1-0-d%2B-mt-mc-2022/p/SN202306-0000004024,Daihatsu,TERIOS,R CUSTOM,204000000.0,Manual,85425.0,2019,Kota Tangerang Selatan
www.mobbi.id/in/mobil-bekas/daihatsu-granmax-pu-1-5-m-t-2021/p/SN202306-0000006105,Daihatsu,TERIOS,R,203000000.0,Automatic,64325.0,2018,Kota Tangerang Selatan
www.mobbi.id/in/mobil-bekas/daihatsu-granmax-pu-1-5-m-t-2022/p/SN202306-0000009027,Daihatsu,SIRION,D NEW,170000000.0,Manual,15375.0,2018,Kota Jakarta Utara
www.mobbi.id/in/mobil-bekas/daihatsu-sirion-d-new-2018/p/SN202302-000000473,Daihatsu,AYLA,R,117000000.0,Manual,96272.0,2018,Kota Semarang
www.mobbi.id/in/mobil-bekas/daihatsu-new-ayla-1-2-r-at-mc-2023/p/SN202306-0000010023,Daihatsu,TERIOS,R DELUXE,221000000.0,Automatic,85578.0,2019,Kota Pekanbaru
www.mobbi.id/in/mobil-bekas/daihatsu-terios-terios-1-5-x-deluxe-mt-2019/p/SN202211-0000003003,Daihatsu,AYLA,R,125000000.0,Manual,36244.0,2020,Kota Semarang
www.mobbi.id/in/mobil-bekas/daihatsu-rocky-r-asa-2021/p/SN202303-000000547,Daihatsu,TERIOS,R CUSTOM,170000000.0,Automatic,97326.0,2016,Kota Bekasi
www.mobbi.id/in/mobil-bekas/daihatsu-rocky-1-2-x-m-t-2021/p/SN202306-0000006107,Daihatsu,AYLA,R DELUXE,115000000.0,Manual,43452.0,2017,Kota Semarang
www.mobbi.id/in/mobil-bekas/daihatsu-all-new-terios-x-m-t-ids-2022/p/SN202305-0000000677,Daihatsu,TERIOS,R DELUXE,195000000.0,Manual,106516.0,2020,Kota Surabaya
www.mobbi.id/in/mobil-bekas/daihatsu-new-ayla-1-0-d%2B-mt-mc-2021/p/SN202306-0000001005,Daihatsu,LUXIO,X,170000000.0,Automatic,61365.0,2018,Kota Pekanbaru
www.mobbi.id/in/mobil-bekas/daihatsu-terios-r-2018/p/SN202305-000000101,Daihatsu,AYLA,R,142000000.0,Manual,27487.0,2020,Kota Pekanbaru
www.mobbi.id/in/mobil-bekas/daihatsu-terios-x-deluxe-2022/p/SN202305-000000102,Daihatsu,XENIA,R,152000000.0,Automatic,125002.0,2018,Kota Tangerang Selatan
www.mobbi.id/in/mobil-bekas/daihatsu-new-ayla-1-0-d%2B-mt-mc-2023/p/SN202306-0000006129,Daihatsu,AYLA,1.0 M M/T,88580000.0,Manual,43928.0,2019,Kota Jakarta Selatan
www.mobbi.id/in/mobil-bekas/daihatsu-granmax-pu-1-5-m-t-2022/p/SN202306-0000006111,Daihatsu,ALL NEW XENIA,1.3 R M/T,210055000.0,Manual,5558.0,2021,Kota Jakarta Selatan
www.mobbi.id/in/mobil-bekas/daihatsu-sigra-1-0-d-m-t-2020/p/SN202306-0000010006,Daihatsu,ROCKY,1.2 M CVT,199842500.0,Automatic,8413.0,2022,Kota Jakarta Selatan
www.mobbi.id/in/mobil-bekas/daihatsu-sigra-1-0-m-m-t-mc-2022/p/SN202306-0000010022,Daihatsu,ALL NEW XENIA,1.3 X CVT,220805000.0,Automatic,8940.0,2022,Kota Jakarta Selatan
www.mobbi.id/in/mobil-bekas/daihatsu-sigra-1-0-d-m-t-mc-2022/p/SN202306-0000008005,Daihatsu,ALL NEW XENIA,1.3 X CVT,223492500.0,Automatic,4339.0,2022,Kota Jakarta Selatan
www.mobbi.id/in/mobil-bekas/daihatsu-new-ayla-1-0-x-m-t-2022/p/SN202305-0000000272,Daihatsu,NEW AYLA,1.0 D+ MT MC,114380000.0,Manual,13322.0,2022,Kota Jakarta Selatan
www.mobbi.id/in/mobil-bekas/daihatsu-gran-max-pu-2021/p/SN202305-000000773,Daihatsu,AYLA,1.0 D+ M/T NEW,96642500.0,Manual,38479.0,2018,Kota Jakarta Selatan
www.mobbi.id/in/mobil-bekas/daihatsu-sigra-1-2-x-a-t-mc-2021/p/SN202306-0000009063,Daihatsu,GRANMAX,PU 1.5 M/T,146200000.0,Manual,21774.0,2022,Kota Jakarta Selatan
www.mobbi.id/in/mobil-bekas/daihatsu-terios-terios-1-5-x-mt-2019/p/SN202307-0000000142,Daihatsu,NEW AYLA,1.0 X MT MC,122012500.0,Manual,13543.0,2022,Kota Jakarta Selatan
www.mobbi.id/in/mobil-bekas/daihatsu-granmax-pu-1-5-m-t-2022/p/SN202306-0000004029,Daihatsu,SIGRA,1.0 D M/T MC,132117500.0,Manual,15182.0,2022,Kota Jakarta Selatan
www.mobbi.id/in/mobil-bekas/daihatsu-rocky-x-ads-2021/p/SN202305-000000511,Daihatsu,GRANMAX,1.5 M/T,157487500.0,Manual,13131.0,2022,Kota Jakarta Selatan
www.mobbi.id/in/mobil-bekas/daihatsu-sigra-1-2-x-m-t-mc-2020/p/SN202305-0000000196,Daihatsu,GRANMAX,PU 1.5 M/T,152650000.0,Manual,19327.0,2022,Kota Jakarta Selatan
www.mobbi.id/in/mobil-bekas/daihatsu-granmax-pu-1-5-m-t-2022/p/SN202306-0000004030,Daihatsu,SIGRA,1.0 D M/T,130505000.0,Manual,15793.0,2022,Kota Jakarta Selatan
www.mobbi.id/in/mobil-bekas/daihatsu-sigra-1-0-d-m-t-mc-2022/p/SN202306-0000010012,Daihatsu,NEW AYLA,1.0 D+ MT MC,116530000.0,Manual,8231.0,2022,Kota Jakarta Selatan
www.mobbi.id/in/mobil-bekas/daihatsu-ayla-r-2017/p/SN202305-000000382,Daihatsu,NEW AYLA,1.2 R MT DLX MC,148242500.0,Manual,13637.0,2022,Kota Jakarta Selatan
www.mobbi.id/in/mobil-bekas/daihatsu-sigra-1-0-d-m-t-mc-2022/p/SN202306-0000009024,Daihatsu,NEW AYLA,1.0 D+ MT MC,117067500.0,Manual,21368.0,2022,Kota Jakarta Selatan
www.mobbi.id/in/mobil-bekas/daihatsu-terios-r-deluxe-2018/p/SN202306-000000490,Daihatsu,SIGRA,1.0 D M/T,113305000.0,Manual,37543.0,2019,Kota Jakarta Selatan
www.mobbi.id/in/mobil-bekas/daihatsu-granmax-pu-1-5-m-t-2022/p/SN202306-0000004039,Daihatsu,NEW AYLA,1.0 D+ MT MC,114380000.0,Manual,15382.0,2022,Kota Jakarta Selatan
www.mobbi.id/in/mobil-bekas/daihatsu-sirion-d-2019/p/SN202306-000000308,Daihatsu,GRANMAX,PU 1.5 M/T,152650000.0,Manual,4566.0,2022,Kota Jakarta Selatan
www.mobbi.id/in/mobil-bekas/daihatsu-sigra-1-0-m-m-t-mc-2022/p/SN202306-0000009002,Daihatsu,GRANMAX,PU 1.5 M/T,157487500.0,Manual,16810.0,2022,Kota Jakarta Selatan
www.mobbi.id/in/mobil-bekas/daihatsu-sigra-1-0-d-m-t-mc-2022/p/SN202306-0000004023,Daihatsu,NEW AYLA,1.0 D+ MT MC,120292500.0,Manual,15333.0,2022,Kota Jakarta Selatan
www.mobbi.id/in/mobil-bekas/daihatsu-new-ayla-1-0-x-m-t-2022/p/SN202306-0000010102,Daihatsu,GRANMAX,PU 1.5 M/T,157487500.0,Manual,14115.0,2022,Kota Jakarta Selatan
www.mobbi.id/in/mobil-bekas/daihatsu-sigra-1-0-d-m-t-mc-2022/p/SN202306-0000002021,Daihatsu,NEW AYLA,1.0 D+ MT MC,109112500.0,Manual,27438.0,2021,Kota Jakarta Selatan
www.mobbi.id/in/mobil-bekas/daihatsu-new-ayla-1-0-x-mt-mc-2022/p/SN202306-0000009030,Daihatsu,ROCKY,1.2 M CVT,184792500.0,Automatic,19504.0,2021,Kota Jakarta Selatan
www.mobbi.id/in/mobil-bekas/daihatsu-sigra-1-2-r-m-t-mc-2022/p/SN202306-0000010054,Daihatsu,SIGRA,1.2 R M/T,126312500.0,Manual,127447.0,2018,Kota Jakarta Selatan
www.mobbi.id/in/mobil-bekas/daihatsu-new-ayla-1-0-x-mt-mc-2022/p/SN202306-0000003054,Daihatsu,GRANMAX,PU 1.5 M/T,138137500.0,Manual,58831.0,2021,Kota Jakarta Selatan
www.mobbi.id/in/mobil-bekas/daihatsu-terios-r-deluxe-2018/p/SN202306-000000478,Daihatsu,TERIOS,TERIOS 1.5 X DELUXE MT,193800000.0,Manual,42626.0,2019,Kota Bogor
www.mobbi.id/in/mobil-bekas/daihatsu-terios-r-deluxe-2018/p/SN202306-000000280,Daihatsu,SIGRA,1.2 R M/T MC,149855000.0,Manual,18506.0,2022,Kota Jakarta Selatan
www.mobbi.id/in/mobil-bekas/daihatsu-new-ayla-1-0-d%2B-mt-mc-2022/p/SN202306-0000010098,Daihatsu,GRANMAX,PU 1.5 M/T,152650000.0,Manual,8613.0,2022,Kota Jakarta Selatan
www.mobbi.id/in/mobil-bekas/daihatsu-granmax-pu-1-5-m-t-2022/p/SN202306-0000004028,Daihatsu,GRANMAX,PU 1.5 M/T,152650000.0,Manual,11811.0,2022,Kota Jakarta Selatan
www.mobbi.id/in/mobil-bekas/daihatsu-new-ayla-1-2-r-mt-mc-2022/p/SN202306-0000009034,Daihatsu,GRANMAX,PU 1.5 M/T,152650000.0,Manual,10845.0,2022,Kota Jakarta Selatan
www.mobbi.id/in/mobil-bekas/daihatsu-sigra-1-2-r-m-t-mc-2021/p/SN202306-0000009012,Daihatsu,GRANMAX,PU 1.5 M/T,152650000.0,Manual,23466.0,2022,Kota Jakarta Selatan
www.mobbi.id/in/mobil-bekas/daihatsu-ayla-1-0-x-m-t-2017/p/SN202306-0000006030,Daihatsu,GRANMAX,PU 1.5 M/T,152650000.0,Manual,3577.0,2022,Kota Jakarta Selatan
www.mobbi.id/in/mobil-bekas/daihatsu-sigra-1-2-x-m-t-2022/p/SN202304-0000002122,Daihatsu,GRANMAX,PU 1.5 M/T,152650000.0,Manual,59068.0,2022,Kota Jakarta Selatan
www.mobbi.id/in/mobil-bekas/daihatsu-xenia-r-2018/p/SN202306-000000311,Daihatsu,SIGRA,1.0 D M/T MC,123087500.0,Manual,23942.0,2022,Kota Jakarta Selatan
www.mobbi.id/in/mobil-bekas/daihatsu-all-new-xenia-1-3-x-cvt-2022/p/SN202306-0000003033,Daihatsu,NEW AYLA,1.0 D+ MT MC,116637500.0,Manual,25533.0,2022,Kota Jakarta Selatan
www.mobbi.id/in/mobil-bekas/daihatsu-sigra-1-2-r-m-t-2019/p/SN202305-0000000027,Daihatsu,SIGRA,1.0 M M/T MC,128462500.0,Manual,19531.0,2022,Kota Jakarta Selatan
www.mobbi.id/in/mobil-bekas/daihatsu-sigra-1-2-r-m-t-mc-2022/p/SN202306-0000010096,Daihatsu,GRANMAX,PU 1.5 M/T,157487500.0,Manual,21894.0,2022,Kota Jakarta Selatan
www.mobbi.id/in/mobil-bekas/daihatsu-granmax-pu-1-3-m-t-2021/p/SN202306-0000006121,Daihatsu,GRANMAX,PU 1.5 M/T,152650000.0,Manual,9073.0,2022,Kota Jakarta Selatan
www.mobbi.id/in/mobil-bekas/daihatsu-ayla-r-deluxe-2017/p/SN202306-000000071,Daihatsu,GRANMAX,PU 1.5 M/T,157487500.0,Manual,15870.0,2022,Kota Jakarta Selatan
www.mobbi.id/in/mobil-bekas/daihatsu-ayla-1-2-r-m-t-new-2020/p/SN202306-0000008025,Daihatsu,GRANMAX,PU 1.5 M/T,152650000.0,Manual,14090.0,2022,Kota Jakarta Selatan
www.mobbi.id/in/mobil-bekas/daihatsu-new-ayla-1-0-d%2B-mt-mc-2023/p/SN202306-0000001004,Daihatsu,GRANMAX,PU 1.5 M/T,157487500.0,Manual,51106.0,2022,Kota Jakarta Selatan
www.mobbi.id/in/mobil-bekas/daihatsu-granmax-pu-1-5-m-t-2022/p/SN202306-0000004015,Daihatsu,GRANMAX,PU 1.5 M/T,157487500.0,Manual,41596.0,2022,Kota Jakarta Selatan
www.mobbi.id/in/mobil-bekas/daihatsu-terios-x-deluxe-2018/p/SN202306-000000315,Daihatsu,GRANMAX,PU 1.5 M/T,157487500.0,Manual,51208.0,2022,Kota Jakarta Selatan
www.mobbi.id/in/mobil-bekas/daihatsu-ayla-1-0-x-m-t-new-2019/p/SN202306-0000010051,Daihatsu,GRANMAX,PU 1.5 M/T,157487500.0,Manual,21773.0,2022,Kota Jakarta Selatan
www.mobbi.id/in/mobil-bekas/daihatsu-new-ayla-1-2-r-mt-mc-2022/p/SN202306-0000010088,Daihatsu,GRANMAX,PU 1.5 M/T,132225000.0,Manual,46160.0,2021,Kota Jakarta Selatan
www.mobbi.id/in/mobil-bekas/daihatsu-granmax-pu-1-5-m-t-2021/p/SN202306-0000006021,Daihatsu,ROCKY,1.2 X CVT,213387500.0,Automatic,29471.0,2022,Kota Jakarta Selatan
www.mobbi.id/in/mobil-bekas/daihatsu-sigra-1-2-r-m-t-mc-2021/p/SN202306-0000001001,Daihatsu,GRANMAX,PU 1.3 M/T,107500000.0,Manual,30080.0,2021,Kota Jakarta Selatan
www.mobbi.id/in/mobil-bekas/daihatsu-ayla-1-0-x-m-t-new-2019/p/SN202306-0000006127,Daihatsu,GRANMAX,1.5 M/T,157487500.0,Manual,14585.0,2022,Kota Jakarta Selatan
www.mobbi.id/in/mobil-bekas/daihatsu-rocky-1-0-r-tc-cvt-asa-2021/p/SN202305-0000000689,Daihatsu,GRANMAX,PU 1.5 M/T,119217500.0,Manual,186595.0,2019,Kota Jakarta Selatan
www.mobbi.id/in/mobil-bekas/daihatsu-granmax-pu-1-5-m-t-2022/p/SN202306-0000006116,Daihatsu,GRANMAX,PU 1.5 M/T,81592500.0,Manual,108461.0,2017,Kota Jakarta Selatan
www.mobbi.id/in/mobil-bekas/daihatsu-terios-r-custom-2019/p/SN202303-000000419,Daihatsu,GRANMAX,PU 1.5 M/T,138137500.0,Manual,37896.0,2021,Kota Jakarta Selatan
www.mobbi.id/in/mobil-bekas/daihatsu-ayla-r-2018/p/SN202303-000000608,Daihatsu,NEW AYLA,1.0 X MT MC,110187500.0,Manual,16996.0,2020,Kota Jakarta Selatan
www.mobbi.id/in/mobil-bekas/daihatsu-sigra-1-0-d-m-t-mc-2021/p/SN202306-0000006112,Daihatsu,SIGRA,1.0 D M/T MC,114487500.0,Manual,118287.0,2021,Kota Jakarta Selatan
www.mobbi.id/in/mobil-bekas/daihatsu-granmax-1-5-m-t-2022/p/SN202306-0000002011,Daihatsu,SIGRA,1.0 D M/T MC,115455000.0,Manual,70226.0,2021,Kota Jakarta Selatan
www.mobbi.id/in/mobil-bekas/daihatsu-granmax-1-5-m-t-2022/p/SN202306-0000001013,Daihatsu,SIGRA,1.2 X M/T,110725000.0,Manual,204480.0,2019,Kota Jakarta Selatan
www.mobbi.id/in/mobil-bekas/daihatsu-terios-r-custom-2016/p/SN202306-000000161,Daihatsu,AYLA,1.0 X M/T,98255000.0,Manual,155648.0,2017,Kota Jakarta Selatan
www.mobbi.id/in/mobil-bekas/daihatsu-granmax-pu-1-5-m-t-2022/p/SN202306-0000004034,Daihatsu,SIGRA,1.2 R A/T MC,131150000.0,Automatic,38078.0,2020,Kota Jakarta Selatan
www.mobbi.id/in/mobil-bekas/daihatsu-granmax-pu-1-5-m-t-2022/p/SN202306-0000004019,Daihatsu,TERIOS,R,156000000.0,Automatic,116580.0,2015,Kota Depok
www.mobbi.id/in/mobil-bekas/daihatsu-sigra-1-2-r-m-t-2019/p/SN202305-0000000213,Daihatsu,TERIOS,R DELUXE,210000000.0,Manual,33204.0,2019,Kota Jakarta Selatan
www.mobbi.id/in/mobil-bekas/daihatsu-granmax-pu-1-5-m-t-2022/p/SN202306-0000001006,Daihatsu,ALL NEW XENIA,1.3 R CVT,236392500.0,Automatic,11219.0,2022,Kota Jakarta Selatan
www.mobbi.id/in/mobil-bekas/daihatsu-new-ayla-1-0-d%2B-mt-mc-2022/p/SN202306-0000010103,Daihatsu,SIGRA,1.2 X M/T MC,160067500.0,Manual,8185.0,2023,Kota Jakarta Selatan
www.mobbi.id/in/mobil-bekas/daihatsu-sigra-1-2-r-m-t-mc-2022/p/SN202305-0000000201,Daihatsu,NEW AYLA,1.0 D+ MT MC,114917500.0,Manual,15666.0,2022,Kota Jakarta Selatan
www.mobbi.id/in/mobil-bekas/daihatsu-ayla-r-deluxe-2017/p/SN202305-000000789,Daihatsu,SIGRA,1.0 D M/T MC,133192500.0,Manual,6943.0,2022,Kota Jakarta Selatan
www.mobbi.id/in/mobil-bekas/daihatsu-sigra-1-2-r-m-t-2021/p/SN202306-0000006124,Daihatsu,NEW AYLA,1.0 D+ MT MC,113412500.0,Manual,30309.0,2022,Kota Jakarta Selatan
www.mobbi.id/in/mobil-bekas/daihatsu-all-new-xenia-1-3-x-m-t-2022/p/SN202305-0000000226,Daihatsu,SIGRA,1.0 D M/T,111262500.0,Manual,40248.0,2020,Kota Jakarta Selatan
www.mobbi.id/in/mobil-bekas/daihatsu-sigra-1-0-d-m-t-mc-2021/p/SN202306-0000006027,Daihatsu,NEW AYLA,1.0 X M/T,110187500.0,Manual,66087.0,2020,Kota Jakarta Selatan
www.mobbi.id/in/mobil-bekas/daihatsu-sigra-1-0-m-m-t-mc-2022/p/SN202306-0000010087,Daihatsu,SIGRA,1.0 M M/T MC,134375000.0,Manual,22134.0,2022,Kota Jakarta Selatan
www.mobbi.id/in/mobil-bekas/daihatsu-terios-r-deluxe-2020/p/SN202304-000000398,Daihatsu,NEW AYLA,1.2 R MT MC,145017500.0,Manual,14360.0,2022,Kota Jakarta Selatan
www.mobbi.id/in/mobil-bekas/daihatsu-new-ayla-1-0-d%2B-mt-mc-2022/p/SN202306-0000010020,Daihatsu,SIGRA,1.2 R M/T MC,147167500.0,Manual,20262.0,2022,Kota Jakarta Selatan
www.mobbi.id/in/mobil-bekas/daihatsu-granmax-1-5-m-t-2022/p/SN202306-0000006011,Daihatsu,NEW AYLA,1.0 D+ MT MC,119217500.0,Manual,22679.0,2022,Kota Jakarta Selatan
www.mobbi.id/in/mobil-bekas/daihatsu-new-ayla-1-2-r-mt-mc-2020/p/SN202306-0000006150,Daihatsu,NEW AYLA,1.0 X MT MC,122012500.0,Manual,1602.0,2022,Kota Jakarta Selatan
www.mobbi.id/in/mobil-bekas/daihatsu-new-ayla-1-2-r-mt-mc-2022/p/SN202306-0000010120,Daihatsu,SIGRA,1.0 D M/T MC,128462500.0,Manual,10131.0,2022,Kota Jakarta Selatan
www.mobbi.id/in/mobil-bekas/daihatsu-ayla-1-0-d%2B-m-t-new-2018/p/SN202306-0000003049,Daihatsu,SIGRA,1.2 R M/T MC,161142500.0,Manual,14366.0,2022,Kota Jakarta Selatan
www.mobbi.id/in/mobil-bekas/daihatsu-sigra-1-0-d-m-t-2019/p/SN202306-0000010019,Daihatsu,NEW AYLA,1.0 D+ MT MC,114917500.0,Manual,27309.0,2022,Kota Jakarta Selatan
www.mobbi.id/in/mobil-bekas/daihatsu-all-new-terios-r-a-t-deluxe-e4-2020/p/SN202306-0000006075,Daihatsu,SIGRA,1.0 D M/T MC,128462500.0,Manual,27402.0,2022,Kota Jakarta Selatan
www.mobbi.id/in/mobil-bekas/daihatsu-rocky-1-2-m-cvt-2022/p/SN202305-0000000238,Daihatsu,NEW AYLA,1.0 X M/T,122012500.0,Manual,11073.0,2022,Kota Jakarta Selatan
www.mobbi.id/in/mobil-bekas/daihatsu-sigra-1-2-r-m-t-deluxe-mc-2022/p/SN202306-0000002017,Daihatsu,NEW AYLA,1.0 D+ MT MC,116637500.0,Manual,7682.0,2022,Kota Jakarta Selatan
www.mobbi.id/in/mobil-bekas/daihatsu-rocky-1-2-m-cvt-2021/p/SN202305-0000000552,Daihatsu,NEW AYLA,1.2 R MT MC,146200000.0,Manual,26537.0,2022,Kota Jakarta Selatan
www.mobbi.id/in/mobil-bekas/daihatsu-granmax-pu-1-3-m-t-2022/p/SN202306-0000006082,Daihatsu,GRANMAX,PU 1.5 M/T,91267500.0,Manual,204000.0,2018,Kota Jakarta Selatan
www.mobbi.id/in/mobil-bekas/daihatsu-xenia-r-custom-2018/p/SN202301-000000246,Daihatsu,SIGRA,1.0 M M/T MC,134375000.0,Manual,9440.0,2022,Kota Jakarta Selatan
www.mobbi.id/in/mobil-bekas/daihatsu-new-ayla-1-2-r-at-mc-2022/p/SN202305-0000000356,Daihatsu,NEW AYLA,1.2 R MT MC,143942500.0,Manual,2521.0,2022,Kota Jakarta Selatan
www.mobbi.id/in/mobil-bekas/daihatsu-ayla-r-2018/p/SN202306-000000167,Daihatsu,SIGRA,1.0 D M/T MC,125237500.0,Manual,2431.0,2022,Kota Jakarta Selatan
www.mobbi.id/in/mobil-bekas/daihatsu-sigra-1-2-x-m-t-2019/p/SN202306-0000006029,Daihatsu,ALL NEW XENIA,1.3 X CVT,219730000.0,Automatic,18338.0,2022,Kota Jakarta Selatan
www.mobbi.id/in/mobil-bekas/daihatsu-all-new-xenia-1-3-x-m-t-2022/p/SN202305-0000000653,Daihatsu,ALL NEW TERIOS,X A/T DELUXE IDS,206292500.0,Automatic,37305.0,2021,Kota Jakarta Selatan
www.mobbi.id/in/mobil-bekas/daihatsu-sigra-1-0-d-m-t-mc-2022/p/SN202306-0000003055,Daihatsu,ALL NEW XENIA,1.5 R CVT,240692500.0,Automatic,10711.0,2022,Kota Jakarta Selatan
www.mobbi.id/in/mobil-bekas/daihatsu-sigra-1-0-d-m-t-mc-2021/p/SN202306-0000006028,Daihatsu,ALL NEW XENIA,X M/T,204142500.0,Manual,14919.0,2022,Kota Jakarta Selatan
www.mobbi.id/in/mobil-bekas/daihatsu-granmax-pu-1-5-m-t-2021/p/SN202306-0000004041,Daihatsu,ALL NEW XENIA,1.3 X M/T,211130000.0,Manual,13817.0,2022,Kota Jakarta Selatan
www.mobbi.id/in/mobil-bekas/daihatsu-all-new-xenia-1-3-x-cvt-2022/p/SN202307-0000010124,Daihatsu,TERIOS,R DELUXE,210000000.0,Automatic,89369.0,2018,Kota Depok
www.mobbi.id/in/mobil-bekas/daihatsu-granmax-pu-1-5-m-t-2017/p/SN202306-0000006019,Daihatsu,TERIOS,R DELUXE,215000000.0,Automatic,80785.0,2018,Kota Bandung
www.mobbi.id/in/mobil-bekas/daihatsu-sirion-d-new-2018/p/SN202302-000000469,Daihatsu,ALL NEW TERIOS,X M/T IDS,205217500.0,Manual,15000.0,2022,Kota Jakarta Selatan
www.mobbi.id/in/mobil-bekas/daihatsu-sigra-1-0-m-m-t-mc-2022/p/SN202306-0000010021,Daihatsu,ROCKY,1.0 R TC CVT ASA,234350000.0,Automatic,37926.0,2021,Kota Jakarta Selatan
www.mobbi.id/in/mobil-bekas/daihatsu-terios-r-2015/p/SN202306-000000539,Daihatsu,TERIOS,X DELUXE,186000000.0,Automatic,87863.0,2018,Kota Bekasi
www.mobbi.id/in/mobil-bekas/daihatsu-granmax-blind-van-1-3-ac-fh-m-t-2017/p/SN202306-0000006079,Daihatsu,AYLA,1.2 R M/T NEW,126312500.0,Manual,60643.0,2020,Kota Jakarta Selatan
www.mobbi.id/in/mobil-bekas/daihatsu-granmax-pu-1-5-m-t-2022/p/SN202306-0000004020,Daihatsu,GRANMAX,PU 1.5 M/T,152650000.0,Manual,12157.0,2022,Kota Jakarta Selatan
www.mobbi.id/in/mobil-bekas/daihatsu-terios-terios-1-5-tx-a-t-2015/p/SN202305-0000002171,Daihatsu,SIGRA,1.0 M M/T MC,124700000.0,Manual,55504.0,2022,Kota Jakarta Selatan
www.mobbi.id/in/mobil-bekas/daihatsu-granmax-pu-1-5-m-t-2022/p/SN202306-0000004036,Daihatsu,SIGRA,1.0 M M/T MC,115562500.0,Manual,41724.0,2021,Kota Jakarta Selatan
www.mobbi.id/in/mobil-bekas/daihatsu-all-new-xenia-1-5-r-cvt-2022/p/SN202305-0000000649,Daihatsu,SIGRA,1.2 R M/T MC,134912500.0,Manual,86575.0,2021,Kota Jakarta Selatan
www.mobbi.id/in/mobil-bekas/daihatsu-granmax-pu-1-5-m-t-2021/p/SN202305-0000000555,Daihatsu,NEW AYLA,1.0 D+ MT MC,111155000.0,Manual,28208.0,2021,Kota Jakarta Selatan
www.mobbi.id/in/mobil-bekas/daihatsu-sigra-1-0-d-m-t-2020/p/SN202306-0000010082,Daihatsu,SIGRA,1.0 D M/T MC,129967500.0,Manual,14196.0,2022,Kota Jakarta Selatan
www.mobbi.id/in/mobil-bekas/daihatsu-new-ayla-1-0-d%2B-mt-mc-2022/p/SN202306-0000003047,Daihatsu,NEW AYLA,1.0 X MT MC,135342500.0,Manual,18651.0,2022,Kota Jakarta Selatan
www.mobbi.id/in/mobil-bekas/daihatsu-terios-r-deluxe-2018/p/SN202305-000000622,Daihatsu,SIGRA,1.0 D M/T MC,131042500.0,Manual,11933.0,2022,Kota Jakarta Selatan
www.mobbi.id/in/mobil-bekas/daihatsu-all-new-terios-x-m-t-ids-2022/p/SN202306-0000010032,Daihatsu,GRANMAX,PU 1.5 M/T,152650000.0,Manual,17771.0,2022,Kota Jakarta Selatan
www.mobbi.id/in/mobil-bekas/daihatsu-sigra-1-0-d-m-t-mc-2022/p/SN202306-0000009036,Daihatsu,NEW AYLA,1.0 D+ MT MC,118142500.0,Manual,10893.0,2022,Kota Jakarta Selatan
www.mobbi.id/in/mobil-bekas/daihatsu-new-ayla-1-2-r-mt-dlx-mc-2022/p/SN202306-0000003066,Daihatsu,NEW AYLA,1.0 X MT MC,118787500.0,Manual,18116.0,2022,Kota Jakarta Selatan
www.mobbi.id/in/mobil-bekas/daihatsu-new-ayla-1-0-x-m-t-2020/p/SN202306-0000010083,Daihatsu,NEW AYLA,1.2 R MT MC,148242500.0,Manual,60429.0,2022,Kota Jakarta Selatan
www.mobbi.id/in/mobil-bekas/daihatsu-rocky-1-2-x-cvt-2022/p/SN202306-0000004046,Daihatsu,SIGRA,1.0 D M/T MC,128462500.0,Manual,26918.0,2022,Kota Jakarta Selatan
www.mobbi.id/in/mobil-bekas/daihatsu-granmax-pu-1-3-m-t-2020/p/SN202306-0000006078,Daihatsu,SIGRA,1.0 D M/T MC,125237500.0,Manual,20313.0,2022,Kota Jakarta Selatan
www.mobbi.id/in/mobil-bekas/daihatsu-all-new-xenia-1-3-x-cvt-2022/p/SN202306-0000003031,Daihatsu,SIRION,SIRION 1.3 D FMC M/T,93840000.0,Manual,133029.0,2013,Kota Bandung
www.mobbi.id/in/mobil-bekas/daihatsu-granmax-pu-1-5-m-t-2022/p/SN202306-0000004022,Daihatsu,SIGRA,1.2 X M/T,138675000.0,Manual,4513.0,2022,Kota Jakarta Selatan
www.mobbi.id/in/mobil-bekas/daihatsu-rocky-1-2-m-cvt-2022/p/SN202306-0000010024,Daihatsu,SIGRA,1.0 D M/T MC,114487500.0,Manual,25477.0,2021,Kota Jakarta Selatan
www.mobbi.id/in/mobil-bekas/daihatsu-rocky-r-ads-2021/p/SN202305-000000465,Daihatsu,SIGRA,1.2 R M/T MC,137062500.0,Manual,31172.0,2021,Kota Jakarta Selatan
www.mobbi.id/in/mobil-bekas/daihatsu-sigra-1-0-d-m-t-mc-2022/p/SN202306-0000002043,Daihatsu,AYLA,1.0 X M/T NEW,106962500.0,Manual,64855.0,2019,Kota Jakarta Selatan
www.mobbi.id/in/mobil-bekas/daihatsu-sigra-1-0-d-m-t-mc-2021/p/SN202305-0000000104,Daihatsu,SIGRA,1.2 R M/T MC,148350000.0,Manual,23062.0,2022,Kota Jakarta Selatan
www.mobbi.id/in/mobil-bekas/daihatsu-sigra-1-2-r-m-t-2018/p/SN202305-0000000553,Daihatsu,TERIOS,TERIOS 1.5 X MT,196860000.0,Manual,92716.0,2019,Kota Medan
www.mobbi.id/in/mobil-bekas/daihatsu-granmax-pu-1-5-m-t-2022/p/SN202306-0000003093,Daihatsu,NEW AYLA,1.2 R AT MC,152005000.0,Automatic,13982.0,2022,Kota Jakarta Selatan
www.mobbi.id/in/mobil-bekas/daihatsu-granmax-pu-1-5-m-t-2019/p/SN202306-0000006017,Daihatsu,SIGRA,R,114000000.0,Manual,56512.0,2018,Kota Jakarta Utara
www.mobbi.id/in/mobil-bekas/daihatsu-sigra-1-0-d-m-t-mc-2022/p/SN202307-0000010123,Daihatsu,SIGRA,1.2 R M/T MC,142330000.0,Manual,74493.0,2021,Kota Jakarta Selatan
www.mobbi.id/in/mobil-bekas/daihatsu-sigra-1-0-d-m-t-mc-2022/p/SN202306-0000010079,Daihatsu,NEW AYLA,1.0 D+ MT MC,121367500.0,Manual,1909.0,2023,Kota Jakarta Selatan
www.mobbi.id/in/mobil-bekas/daihatsu-xenia-r-2018/p/SN202306-000000024,Daihatsu,NEW AYLA,1.0 D+ MT MC,109112500.0,Manual,33535.0,2021,Kota Jakarta Selatan
www.mobbi.id/in/mobil-bekas/daihatsu-granmax-pu-1-3-m-t-2021/p/SN202306-0000006010,Daihatsu,GRANMAX,PU 1.5 M/T,152650000.0,Manual,31409.0,2022,Kota Jakarta Selatan
www.mobbi.id/in/mobil-bekas/daihatsu-rocky-1-2-m-m-t-2022/p/SN202306-0000006134,Daihatsu,GRANMAX,PU 1.5 M/T,141900000.0,Manual,21569.0,2021,Kota Jakarta Selatan
www.mobbi.id/in/mobil-bekas/daihatsu-granmax-pu-1-5-m-t-2022/p/SN202306-0000003053,Daihatsu,GRANMAX,1.5 M/T,152650000.0,Manual,28000.0,2022,Kota Jakarta Selatan
www.mobbi.id/in/mobil-bekas/daihatsu-xenia-r-deluxe-2020/p/SN202306-000000497,Daihatsu,GRANMAX,1.5 M/T,152650000.0,Manual,20544.0,2022,Kota Jakarta Selatan
www.mobbi.id/in/mobil-bekas/daihatsu-new-ayla-1-0-x-mt-mc-2020/p/SN202306-0000006024,Daihatsu,ROCKY,1.2 X M/T,199842500.0,Manual,5676.0,2022,Kota Jakarta Selatan
www.mobbi.id/in/mobil-bekas/daihatsu-ayla-1-0-d%2B-m-t-2017/p/SN202306-0000007009,Daihatsu,NEW AYLA,1.2 X AT MC,147705000.0,Automatic,5127.0,2023,Kota Jakarta Selatan
www.mobbi.id/in/mobil-bekas/daihatsu-sigra-1-0-m-m-t-mc-2021/p/SN202305-0000000035,Daihatsu,SIGRA,1.2 X A/T MC,134375000.0,Automatic,26278.0,2021,Kota Jakarta Selatan
www.mobbi.id/in/mobil-bekas/daihatsu-terios-r-deluxe-2019/p/SN202306-000000556,Daihatsu,SIRION,D NEW,126000000.0,Manual,52857.0,2018,Kota Jakarta Utara
www.mobbi.id/in/mobil-bekas/daihatsu-terios-r-deluxe-2022/p/SN202306-000000227,Daihatsu,SIRION,D NEW,123000000.0,Manual,71076.0,2018,Kota Jakarta Utara
www.mobbi.id/in/mobil-bekas/daihatsu-ayla-r-2020/p/SN202303-000000234,Daihatsu,TERIOS,TERIOS 1.5 TX A/T,168300000.0,Automatic,84893.0,2015,Kota Bandung
www.mobbi.id/in/mobil-bekas/daihatsu-xenia-r-standar-2018/p/SN202112-000000290,Daihatsu,GRAN MAX,PU,88000000.0,Manual,45062.0,2018,Makassar
www.mobbi.id/in/mobil-bekas/daihatsu-granmax-pu-1-3-m-t-2020/p/SN202306-0000006104,Daihatsu,SIGRA,1.2 X M/T MC,123087500.0,Manual,66884.0,2020,Kota Jakarta Selatan
www.mobbi.id/in/mobil-bekas/daihatsu-sigra-1-2-x-m-t-mc-2023/p/SN202306-0000010072,Daihatsu,SIGRA,1.2 R M/T MC,144480000.0,Manual,39731.0,2022,Kota Jakarta Selatan
www.mobbi.id/in/mobil-bekas/daihatsu-new-ayla-1-0-x-mt-mc-2022/p/SN202306-0000009022,Daihatsu,SIGRA,1.2 R M/T,130612500.0,Manual,93551.0,2019,Kota Jakarta Selatan
www.mobbi.id/in/mobil-bekas/daihatsu-granmax-pu-1-5-m-t-2022/p/SN202306-0000003083,Daihatsu,SIGRA,1.0 M M/T MC,119862500.0,Manual,14636.0,2021,Kota Jakarta Selatan
www.mobbi.id/in/mobil-bekas/daihatsu-all-new-xenia-1-3-r-cvt-2022/p/SN202306-0000010065,Daihatsu,SIGRA,1.0 D M/T,114917500.0,Manual,33883.0,2020,Kota Jakarta Selatan
www.mobbi.id/in/mobil-bekas/daihatsu-sigra-1-0-d-m-t-2019/p/SN202306-0000003072,Daihatsu,ALL NEW XENIA,1.3 X M/T,214355000.0,Manual,29445.0,2022,Kota Jakarta Selatan
www.mobbi.id/in/mobil-bekas/daihatsu-granmax-pu-1-5-m-t-2023/p/SN202306-0000006166,Daihatsu,ALL NEW TERIOS,R A/T DELUXE E4,211775000.0,Automatic,46616.0,2020,Kota Jakarta Selatan
www.mobbi.id/in/mobil-bekas/daihatsu-terios-r-deluxe-2019/p/SN202303-000000710,Daihatsu,GRANMAX,PU 1.3 M/T,97287500.0,Manual,49593.0,2020,Kota Jakarta Selatan
www.mobbi.id/in/mobil-bekas/daihatsu-all-new-terios-x-a-t-deluxe-ids-2021/p/SN202307-0000010128,Daihatsu,GRANMAX,BLIND VAN 1.3 AC FH M/T,105780000.0,Manual,141840.0,2017,Kota Jakarta Selatan
www.mobbi.id/in/mobil-bekas/daihatsu-new-ayla-1-0-d%2B-mt-mc-2022/p/SN202306-0000003068,Daihatsu,GRANMAX,PU 1.3 M/T,97287500.0,Manual,79995.0,2020,Kota Jakarta Selatan
www.mobbi.id/in/mobil-bekas/daihatsu-new-ayla-1-0-x-at-mc-2022/p/SN202306-0000002010,Daihatsu,GRANMAX,PU 1.3 M/T,119862500.0,Manual,33569.0,2022,Kota Jakarta Selatan
www.mobbi.id/in/mobil-bekas/daihatsu-sigra-1-0-d-m-t-mc-2022/p/SN202306-0000009038,Daihatsu,GRANMAX,PU 1.3 M/T,104812500.0,Manual,70390.0,2020,Kota Jakarta Selatan
www.mobbi.id/in/mobil-bekas/daihatsu-sigra-1-0-d-m-t-2020/p/SN202305-0000000475,Daihatsu,GRANMAX,PU 1.5 M/T,122012500.0,Manual,33380.0,2021,Kota Jakarta Selatan
www.mobbi.id/in/mobil-bekas/daihatsu-new-ayla-1-0-d%2B-mt-mc-2022/p/SN202306-0000003064,Daihatsu,ROCKY,1.2 X M/T,185975000.0,Manual,24010.0,2021,Kota Jakarta Selatan
www.mobbi.id/in/mobil-bekas/daihatsu-sigra-1-0-m-m-t-mc-2021/p/SN202306-0000009004,Daihatsu,ALL NEW TERIOS,R M/T,243380000.0,Manual,7510.0,2022,Kota Jakarta Selatan
www.mobbi.id/in/mobil-bekas/daihatsu-terios-r-2018/p/SN202305-000000326,Daihatsu,GRANMAX,PU 1.5 M/T,152650000.0,Manual,22978.0,2022,Kota Jakarta Selatan
www.mobbi.id/in/mobil-bekas/daihatsu-new-ayla-1-0-d%2B-mt-mc-2022/p/SN202306-0000003080,Daihatsu,SIGRA,1.0 D M/T MC,118787500.0,Manual,89504.0,2021,Kota Jakarta Selatan
www.mobbi.id/in/mobil-bekas/daihatsu-granmax-pu-1-5-m-t-2020/p/SN202306-0000006120,Daihatsu,GRANMAX,PU 1.5 M/T,152650000.0,Manual,11114.0,2022,Kota Jakarta Selatan
www.mobbi.id/in/mobil-bekas/daihatsu-ayla-1-0-m-m-t-2019/p/SN202304-0000000014,Daihatsu,GRANMAX,PU 1.5 M/T,106962500.0,Manual,38088.0,2020,Kota Jakarta Selatan
www.mobbi.id/in/mobil-bekas/daihatsu-sigra-1-0-m-m-t-mc-2022/p/SN202306-0000004025,Daihatsu,GRANMAX,PU 1.3 M/T,107500000.0,Manual,55353.0,2021,Kota Jakarta Selatan
www.mobbi.id/in/mobil-bekas/daihatsu-sirion-sirion-1-3-d-fmc-m-t-2013/p/SN202207-0000002077,Daihatsu,GRANMAX,PU 1.5 M/T,152650000.0,Manual,21380.0,2022,Kota Jakarta Selatan
www.mobbi.id/in/mobil-bekas/daihatsu-granmax-1-5-m-t-2022/p/SN202306-0000001012,Daihatsu,SIGRA,1.2 R M/T,127925000.0,Manual,350005.0,2021,Kota Jakarta Selatan
www.mobbi.id/in/mobil-bekas/daihatsu-granmax-pu-1-5-m-t-2022/p/SN202306-0000006122,Daihatsu,GRANMAX,PU 1.5 M/T,135450000.0,Manual,40012.0,2022,Kota Jakarta Selatan
www.mobbi.id/in/mobil-bekas/daihatsu-new-ayla-1-0-d%2B-mt-mc-2022/p/SN202306-0000010089,Daihatsu,NEW AYLA,1.0 D+ MT MC,117712500.0,Manual,8941.0,2023,Kota Jakarta Selatan
www.mobbi.id/in/mobil-bekas/daihatsu-new-ayla-1-0-d%2B-mt-mc-2022/p/SN202306-0000010081,Daihatsu,NEW AYLA,1.0 D+ MT MC,119217500.0,Manual,4837.0,2022,Kota Jakarta Selatan
www.mobbi.id/in/mobil-bekas/daihatsu-terios-tx-adventure-2014/p/SN202305-000000718,Daihatsu,AYLA,1.0 X M/T NEW,106317500.0,Manual,60000.0,2019,Kota Jakarta Selatan
www.mobbi.id/in/mobil-bekas/daihatsu-granmax-pu-1-5-m-t-2018/p/SN202306-0000010115,Daihatsu,NEW AYLA,1.0 D+ MT MC,113412500.0,Manual,29094.0,2022,Kota Jakarta Selatan
www.mobbi.id/in/mobil-bekas/daihatsu-sigra-1-0-m-m-t-mc-2021/p/SN202305-0000000216,Daihatsu,SIGRA,1.2 X M/T E4,135342500.0,Manual,16864.0,2022,Kota Jakarta Selatan
www.mobbi.id/in/mobil-bekas/daihatsu-granmax-pu-1-5-m-t-2022/p/SN202306-0000006126,Daihatsu,ROCKY,1.2 M M/T,200917500.0,Manual,3658.0,2022,Kota Jakarta Selatan
www.mobbi.id/in/mobil-bekas/daihatsu-sigra-1-0-d-m-t-mc-2022/p/SN202306-0000002022,Daihatsu,XENIA,R CUSTOM,150000000.0,Automatic,54671.0,2018,Kota Jakarta Utara
www.mobbi.id/in/mobil-bekas/daihatsu-new-ayla-1-0-d%2B-mt-mc-2021/p/SN202306-0000009019,Daihatsu,SIGRA,1.0 D M/T,114487500.0,Manual,69983.0,2021,Kota Jakarta Selatan
www.mobbi.id/in/mobil-bekas/daihatsu-ayla-1-0-x-m-t-new-2019/p/SN202305-0000000419,Daihatsu,NEW AYLA,1.2 R MT MC,146200000.0,Manual,6378.0,2022,Kota Jakarta Selatan
www.mobbi.id/in/mobil-bekas/daihatsu-ayla-r-2018/p/SN202302-000000115,Daihatsu,NEW AYLA,1.0 X M/T,125667500.0,Manual,2533.0,2022,Kota Jakarta Selatan
www.mobbi.id/in/mobil-bekas/daihatsu-new-ayla-1-0-d%2B-mt-mc-2021/p/SN202305-0000000521,Daihatsu,ROCKY,X ADS,208000000.0,Manual,19951.0,2021,Kota Surabaya
www.mobbi.id/in/mobil-bekas/daihatsu-sigra-1-2-r-m-t-mc-2022/p/SN202305-0000000609,Daihatsu,NEW AYLA,1.2 R AT MC,150500000.0,Automatic,12375.0,2022,Kota Jakarta Selatan
www.mobbi.id/in/mobil-bekas/daihatsu-granmax-pu-1-5-m-t-2022/p/SN202306-0000004037,Daihatsu,AYLA,1.0 X M/T NEW,106962500.0,Manual,188431.0,2019,Kota Jakarta Selatan
www.mobbi.id/in/mobil-bekas/daihatsu-gran-max-pu-2018/p/SN202305-000000423,Daihatsu,NEW AYLA,1.2 R MT MC,138137500.0,Manual,55305.0,2021,Kota Jakarta Selatan
www.mobbi.id/in/mobil-bekas/daihatsu-granmax-pu-1-5-m-t-2022/p/SN202306-0000004033,Daihatsu,NEW AYLA,1.0 X AT MC,131042500.0,Automatic,7462.0,2022,Kota Jakarta Selatan
www.mobbi.id/in/mobil-bekas/daihatsu-new-ayla-1-0-d%2B-mt-mc-2022/p/SN202306-0000009029,Daihatsu,GRANMAX,1.5 M/T,146200000.0,Manual,3204.0,2022,Kota Jakarta Selatan
www.mobbi.id/in/mobil-bekas/daihatsu-granmax-pu-1-5-m-t-2022/p/SN202306-0000008026,Daihatsu,SIGRA,1.0 M M/T,106962500.0,Manual,71221.0,2018,Kota Jakarta Selatan
www.mobbi.id/in/mobil-bekas/daihatsu-all-new-terios-r-m-t-2022/p/SN202306-0000006109,Daihatsu,NEW AYLA,1.2 R MT MC,131580000.0,Manual,23116.0,2020,Kota Jakarta Selatan
www.mobbi.id/in/mobil-bekas/daihatsu-luxio-x-2018/p/SN202305-000000334,Daihatsu,SIGRA,1.2 R M/T DELUXE MC,150930000.0,Manual,8320.0,2022,Kota Jakarta Selatan
www.mobbi.id/in/mobil-bekas/daihatsu-sigra-1-0-d-m-t-mc-2022/p/SN202306-0000009020,Daihatsu,SIGRA,1.0 D M/T MC,128462500.0,Manual,41887.0,2022,Kota Jakarta Selatan
www.mobbi.id/in/mobil-bekas/daihatsu-new-ayla-1-0-d%2B-mt-mc-2022/p/SN202306-0000006130,Daihatsu,SIGRA,1.0 D M/T MC,128462500.0,Manual,41887.0,2022,Kota Jakarta Selatan
www.mobbi.id/in/mobil-bekas/daihatsu-sigra-1-0-d-m-t-mc-2021/p/SN202306-0000010030,Daihatsu,SIGRA,1.0 D M/T MC,128462500.0,Manual,19726.0,2022,Kota Jakarta Selatan
www.mobbi.id/in/mobil-bekas/daihatsu-new-ayla-1-0-x-dlx-m-t-2021/p/SN202305-0000002266,Daihatsu,SIGRA,1.0 D M/T,106425000.0,Manual,79997.0,2020,Kota Jakarta Selatan
www.mobbi.id/in/mobil-bekas/daihatsu-all-new-xenia-1-3-r-m-t-2021/p/SN202305-0000000231,Daihatsu,SIGRA,1.0 D M/T MC,121367500.0,Manual,23990.0,2022,Kota Jakarta Selatan
www.mobbi.id/in/mobil-bekas/daihatsu-sigra-1-2-r-a-t-mc-2020/p/SN202306-0000006040,Daihatsu,SIGRA,1.0 M M/T MC,120937500.0,Manual,10095.0,2021,Kota Jakarta Selatan
www.mobbi.id/in/mobil-bekas/daihatsu-sigra-1-2-r-m-t-mc-2022/p/SN202306-0000010090,Daihatsu,SIGRA,1.0 D M/T,106962500.0,Manual,101095.0,2019,Kota Jakarta Selatan
www.mobbi.id/in/mobil-bekas/daihatsu-sigra-1-0-m-m-t-mc-2022/p/SN202306-0000010117,Daihatsu,NEW AYLA,1.0 D+ MT MC,118142500.0,Manual,13150.0,2022,Kota Jakarta Selatan
www.mobbi.id/in/mobil-bekas/daihatsu-granmax-pu-1-5-m-t-2022/p/SN202306-0000004021,Daihatsu,SIGRA,1.0 M M/T MC,130612500.0,Manual,59902.0,2022,Kota Jakarta Selatan
www.mobbi.id/in/mobil-bekas/daihatsu-new-ayla-1-2-r-at-mc-2022/p/SN202305-0000000710,Daihatsu,SIGRA,1.0 M M/T MC,132117500.0,Manual,37073.0,2022,Kota Jakarta Selatan
www.mobbi.id/in/mobil-bekas/daihatsu-new-ayla-1-0-d%2B-mt-mc-2022/p/SN202306-0000010074,Daihatsu,NEW AYLA,1.2 R AT MC,167055000.0,Automatic,5768.0,2023,Kota Jakarta Selatan
www.mobbi.id/in/mobil-bekas/daihatsu-granmax-pu-1-5-m-t-2021/p/SN202306-0000001008,Daihatsu,ROCKY,1.2 M CVT,205755000.0,Automatic,5375.0,2022,Kota Jakarta Selatan
www.mobbi.id/in/mobil-bekas/daihatsu-new-ayla-1-2-r-mt-mc-2022/p/SN202306-0000010109,Daihatsu,SIGRA,1.0 D M/T MC,113842500.0,Manual,28767.0,2021,Kota Jakarta Selatan
www.mobbi.id/in/mobil-bekas/daihatsu-terios-r-2016/p/SN202304-000000433,Daihatsu,ALL NEW TERIOS,X M/T IDS,214892500.0,Manual,25785.0,2022,Kota Jakarta Selatan
www.mobbi.id/in/mobil-bekas/daihatsu-granmax-pu-1-5-m-t-2022/p/SN202306-0000003084,Daihatsu,TERIOS,R DELUXE,211000000.0,Manual,25834.0,2018,Kota Bandung
www.mobbi.id/in/mobil-bekas/daihatsu-sigra-1-0-d-m-t-mc-2022/p/SN202306-0000010097,Daihatsu,TERIOS,R DELUXE,212000000.0,Manual,50197.0,2018,Kota Surabaya
www.mobbi.id/in/mobil-bekas/daihatsu-sigra-1-0-m-m-t-mc-2021/p/SN202306-0000010016,Daihatsu,XENIA,R DELUXE,190000000.0,Automatic,53169.0,2020,Kota Bekasi
www.mobbi.id/in/mobil-bekas/daihatsu-terios-r-deluxe-2018/p/SN202305-000000701,Daihatsu,NEW AYLA,1.0 X DLX M/T,115562500.0,Manual,12054.0,2021,Kota Jakarta Selatan
www.mobbi.id/in/mobil-bekas/daihatsu-ayla-r-2020/p/SN202305-000000364,Daihatsu,AYLA,1.0 D+ M/T,117067500.0,Manual,44981.0,2022,Kota Jakarta Selatan
www.mobbi.id/in/mobil-bekas/daihatsu-ayla-1-0-d%2B-m-t-2022/p/SN202305-0000002280,Daihatsu,ROCKY,R ADS,219000000.0,Automatic,13007.0,2021,Kota Tangerang Selatan
www.mobbi.id/in/mobil-bekas/daihatsu-sirion-d-new-2018/p/SN202302-000000599,Daihatsu,SIGRA,1.2 R M/T,125237500.0,Manual,57243.0,2019,Kota Jakarta Selatan
www.mobbi.id/in/mobil-bekas/daihatsu-granmax-pu-1-3-m-t-2020/p/SN202306-0000006080,Daihatsu,SIGRA,1.0 M M/T MC,121367500.0,Manual,32764.0,2021,Kota Jakarta Selatan
www.mobbi.id/in/mobil-bekas/daihatsu-sigra-1-0-m-m-t-2018/p/SN202306-0000002015,Daihatsu,ALL NEW XENIA,1.3 X M/T,210055000.0,Manual,27653.0,2022,Kota Jakarta Selatan
www.mobbi.id/in/mobil-bekas/daihatsu-new-ayla-1-0-d%2B-mt-mc-2022/p/SN202306-0000006132,Daihatsu,XENIA,R STANDAR,148500000.0,Manual,69086.0,2018,Kota Jakarta Utara
www.mobbi.id/in/mobil-bekas/daihatsu-granmax-1-5-m-t-2022/p/SN202306-0000003056,Daihatsu,AYLA,R,117000000.0,Automatic,47720.0,2018,Kota Jakarta Utara
www.mobbi.id/in/mobil-bekas/daihatsu-granmax-pu-1-5-m-t-2021/p/SN202306-0000006137,Daihatsu,GRANMAX,PU 1.5 M/T,138137500.0,Manual,24216.0,2021,Kota Jakarta Selatan
www.mobbi.id/in/mobil-bekas/daihatsu-new-ayla-1-2-r-mt-mc-2021/p/SN202305-0000000430,Daihatsu,NEW AYLA,1.2 R MT MC,131687500.0,Manual,33209.0,2020,Kota Jakarta Selatan
www.mobbi.id/in/mobil-bekas/daihatsu-new-ayla-1-2-r-mt-mc-2022/p/SN202305-0000000261,Daihatsu,GRANMAX,PU 1.5 M/T,162862500.0,Manual,5672.0,2023,Kota Jakarta Selatan
www.mobbi.id/in/mobil-bekas/daihatsu-sigra-1-0-d-m-t-mc-2022/p/SN202306-0000010095,Daihatsu,AYLA,1.0 D+ M/T,81700000.0,Manual,188775.0,2017,Kota Jakarta Selatan
www.mobbi.id/in/mobil-bekas/daihatsu-all-new-xenia-x-m-t-2022/p/SN202305-0000000652,Daihatsu,TERIOS,R DELUXE,209000000.0,Automatic,90381.0,2018,Kota Jakarta Timur
www.mobbi.id/in/mobil-bekas/daihatsu-new-ayla-1-0-x-mt-mc-2022/p/SN202306-0000010094,Daihatsu,SIGRA,1.0 D M/T MC,131580000.0,Manual,17969.0,2022,Kota Jakarta Selatan
www.mobbi.id/in/mobil-bekas/daihatsu-all-new-xenia-1-3-x-m-t-2022/p/SN202305-0000000480,Daihatsu,SIRION,D,170000000.0,Automatic,52643.0,2019,Kota Bandung
www.mobbi.id/in/mobil-bekas/toyota-new-agya-1-2-g-gr-sport-a-t-2022/p/SN202306-0000010059,Toyota,VELLFIRE,V,392000000.0,Automatic,18654.0,2012,Kota Jakarta Utara
www.mobbi.id/in/mobil-bekas/-fortuner-fortuner-2-4-at-gr-sport-2021/p/SN202210-0000000010,Toyota,YARIS,S TRD,218000000.0,Manual,12600.0,2020,Kota Depok
www.mobbi.id/in/mobil-bekas/toyota-avanza-e-2011/p/SN202304-000000091,Toyota,CAMRY,V,486000000.0,Automatic,34397.0,2019,Kota Jakarta Selatan
www.mobbi.id/in/mobil-bekas/toyota-calya-1-2-g-m-t-2022/p/SN202306-0000003077,Toyota,YARIS,S TRD 7AB,235000000.0,Automatic,41945.0,2019,Kota Bekasi
www.mobbi.id/in/mobil-bekas/toyota-calya-g-2019/p/SN202212-000000410,Toyota,YARIS,S TRD 7AB,231000000.0,Automatic,65635.0,2018,Kota Surabaya
www.mobbi.id/in/mobil-bekas/toyota-calya-calya-1-2-g-m-t-2018/p/SN202303-0000008019,Toyota,RUSH,GR SPORT,257000000.0,Automatic,9923.0,2022,Kota Jakarta Selatan
www.mobbi.id/in/mobil-bekas/toyota-fortuner-fortuner-2-5-g-at-vnt-trd-diesel-2014/p/SN202211-0000003001,Toyota,RUSH,S TRD,247000000.0,Automatic,29012.0,2021,Kota Palembang
www.mobbi.id/in/mobil-bekas/toyota-rush-s-trd-2018/p/SN202303-000000166,Toyota,YARIS,S TRD 7AB,238000000.0,Automatic,28295.0,2019,Kota Tangerang Selatan
www.mobbi.id/in/mobil-bekas/toyota-all-new-rush-1-5-s-m-t-gr-sport-2022/p/SN202306-0000006036,Toyota,CAMRY,V,318000000.0,Automatic,78120.0,2018,Kota Jakarta Utara
www.mobbi.id/in/mobil-bekas/toyota-rush-s-trd-sportivo-ultimo-2017/p/SN202304-000000159,Toyota,C-HR,HYBRID,421000000.0,Automatic,33855.0,2020,Kota Jakarta Selatan
www.mobbi.id/in/mobil-bekas/toyota-innova-g-2021/p/SN202305-000000276,Toyota,CALYA,G,146000000.0,Automatic,45656.0,2019,Kota Semarang
www.mobbi.id/in/mobil-bekas/toyota-innova-innova-2-4-venturer-at-diesel-2019/p/SN202208-0000000029,Toyota,VIOS,G,173000000.0,Manual,62029.0,2018,Kota Depok
www.mobbi.id/in/mobil-bekas/toyota-voxy-2-0-at-2017/p/SN202204-0000000135,Toyota,RUSH,S TRD SPORTIVO ULTIMO,197000000.0,Manual,47491.0,2017,Kota Palembang
www.mobbi.id/in/mobil-bekas/toyota-rush-s-trd-2018/p/SN202305-000000496,Toyota,RUSH,S TRD,255000000.0,Automatic,15640.0,2021,Kota Surabaya
www.mobbi.id/in/mobil-bekas/toyota-innova-g-2019/p/SN202306-000000210,Toyota,YARIS,S TRD 7AB,228000000.0,Automatic,47214.0,2018,Kab. Tangerang
www.mobbi.id/in/mobil-bekas/toyota-calya-1-2-g-m-t-2022/p/SN202305-0000000123,Toyota,FORTUNER,VRZ TRD,505000000.0,Automatic,63969.0,2020,Kota Bandung
www.mobbi.id/in/mobil-bekas/toyota-new-agya-1-2-g-gr-sport-a-t-2022/p/SN202305-0000000373,Toyota,YARIS,S TRD,190000000.0,Automatic,36637.0,2018,Kota Medan
www.mobbi.id/in/mobil-bekas/toyota-rush-1-5-s-a-t-trd-2020/p/SN202306-0000003022,Toyota,ALTIS,V,281000000.0,Automatic,31920.0,2018,Kota Tangerang Selatan
www.mobbi.id/in/mobil-bekas/toyota-all-new-avanza-1-5-g-cvt-tss-2021/p/SN202306-0000003032,Toyota,VOXY,,424000000.0,Automatic,74696.0,2019,Kota Bandung
www.mobbi.id/in/mobil-bekas/toyota-raize-gr-turbo-sport-tss-2t-2022/p/SN202306-000000361,Toyota,RUSH,S TRD SPORTIVO ULTIMO,184000000.0,Manual,53688.0,2017,Kota Bekasi
www.mobbi.id/in/mobil-bekas/toyota-agya-agya-1-2-g-mt-bensin-2020/p/SN202210-0000006101,Toyota,INNOVA,V LUX,333000000.0,Automatic,61715.0,2019,Kota Surabaya
www.mobbi.id/in/mobil-bekas/-calya-1-2-g-a-t-2022/p/SN202306-0000001003,Toyota,VOXY,,414000000.0,Automatic,64287.0,2018,Kota Tangerang Selatan
www.mobbi.id/in/mobil-bekas/Toyota-ALTIS-V-Bekas-2018/p/SN202002-000000420,Toyota,INNOVA,G,367000000.0,Manual,25315.0,2021,Kota Tangerang Selatan
www.mobbi.id/in/mobil-bekas/toyota-innova-g-2015/p/SN202306-000000028,Toyota,FORTUNER,VRZ,461000000.0,Automatic,51055.0,2018,Kota Medan
www.mobbi.id/in/mobil-bekas/toyota-rush-s-trd-2013/p/SN202306-000000009,Toyota,YARIS,S TRD 7AB,247000000.0,Automatic,35059.0,2021,Kota Bekasi
www.mobbi.id/in/mobil-bekas/toyota-calya-1-2-g-m-t-2022/p/SN202306-0000006052,Toyota,RUSH,S TRD,145000000.0,Automatic,102801.0,2013,Kota Palembang
www.mobbi.id/in/mobil-bekas/toyota-rush-s-trd-2018/p/SN202305-000000791,Toyota,RUSH,G,225000000.0,Automatic,55172.0,2019,Kota Jakarta Selatan
www.mobbi.id/in/mobil-bekas/toyota-rush-gr-sport-2022/p/SN202305-000000596,Toyota,FORTUNER,VRZ,453000000.0,Automatic,58899.0,2019,Kota Tangerang Selatan
www.mobbi.id/in/mobil-bekas/toyota-avanza-g-tss-2021/p/SN202305-000000522,Toyota,CALYA,G,129000000.0,Manual,46153.0,2019,Kota Semarang
www.mobbi.id/in/mobil-bekas/toyota-avanza-all-new-avanza-1-5-g-mt-2022/p/SN202305-0000000646,Toyota,INNOVA,Q VENTURER,335000000.0,Automatic,88101.0,2017,Kota Jakarta Selatan
www.mobbi.id/in/mobil-bekas/toyota-raize-1-0-gr-s-cvt-tss-two-tone-2022/p/SN202305-0000000368,Toyota,FORTUNER,VRZ TRD,479000000.0,Automatic,50840.0,2020,Kota Bandung
www.mobbi.id/in/mobil-bekas/toyota-calya-1-2-g-m-t-2022/p/SN202306-0000003075,Toyota,INNOVA,G,354000000.0,Automatic,56174.0,2019,Kota Surabaya
www.mobbi.id/in/mobil-bekas/toyota-avanza-g-2017/p/SN202306-000000209,Toyota,YARIS,S TRD,241000000.0,Automatic,73097.0,2019,Kota Bandung
www.mobbi.id/in/mobil-bekas/toyota-avanza-1-5-g-m-t-2018/p/SN202305-0000000485,Toyota,YARIS,S TRD HEYKERS,184000000.0,Automatic,44312.0,2016,Kota Palembang
www.mobbi.id/in/mobil-bekas/toyota-innova-g-2015/p/SN202306-000000124,Toyota,AVANZA,G,157000000.0,Manual,116381.0,2016,Kota Bandung
www.mobbi.id/in/mobil-bekas/toyota-innova-g-lux-2015/p/SN202303-000000269,Toyota,FORTUNER,VRZ,456500000.0,Automatic,76099.0,2018,Kota Palembang
www.mobbi.id/in/mobil-bekas/toyota-fortuner-vrz-trd-2019/p/SN202306-000000273,Toyota,RUSH,S TRD,250000000.0,Automatic,26887.0,2020,Kota Surabaya
www.mobbi.id/in/mobil-bekas/toyota-avanza-1-3-g-a-t-grande-2018/p/SN202306-0000003018,Toyota,INNOVA,G,212000000.0,Automatic,75172.0,2015,Kota Surabaya
www.mobbi.id/in/mobil-bekas/toyota-fortuner-fortuner-2-4-vrz-trd-at-diesel-2020/p/SN202206-0000001199,Toyota,INNOVA,G,322000000.0,Manual,87857.0,2019,Kota Surabaya
www.mobbi.id/in/mobil-bekas/toyota-innova-g-2017/p/SN202305-000000058,Toyota,YARIS,S TRD,206000000.0,Automatic,55134.0,2017,Kota Jakarta Utara
www.mobbi.id/in/mobil-bekas/toyota-calya-1-2-g-m-t-2022/p/SN202306-0000003076,Toyota,INNOVA,V LUX,358000000.0,Automatic,81953.0,2017,
www.mobbi.id/in/mobil-bekas/toyota-rush-g-2018/p/SN202109-000000285,Toyota,AVANZA,G TSS,255000000.0,Automatic,28623.0,2021,Kota Surabaya
www.mobbi.id/in/mobil-bekas/toyota-calya-1-2-g-a-t-2022/p/SN202305-0000000618,Toyota,RUSH,G,221000000.0,Automatic,76054.0,2019,Kota Jakarta Selatan
www.mobbi.id/in/mobil-bekas/toyota-calya-1-2-g-m-t-2022/p/SN202306-0000004026,Toyota,YARIS,S TRD,241000000.0,Automatic,39140.0,2019,Kota Bandung
www.mobbi.id/in/mobil-bekas/toyota-yaris-s-trd-new-2018/p/SN202305-000000421,Toyota,RUSH,S TRD,220000000.0,Automatic,59920.0,2018,Kota Bekasi
www.mobbi.id/in/mobil-bekas/toyota-innova-v-2018/p/SN202305-000000454,Toyota,YARIS,S TRD,240000000.0,Automatic,36288.0,2020,Kota Bekasi
www.mobbi.id/in/mobil-bekas/toyota-yaris-s-trd-7ab-2019/p/SN202306-000000530,Toyota,RUSH,G,209000000.0,Automatic,92888.0,2018,Kota Bekasi
www.mobbi.id/in/mobil-bekas/toyota-agya-1-2-g-trd-m-t-new-2020/p/SN202305-0000000137,Toyota,RUSH,S TRD,231000000.0,Automatic,66467.0,2018,Kota Medan
www.mobbi.id/in/mobil-bekas/toyota-avanza-g-2011/p/SN202306-000000462,Toyota,CALYA,G,154000000.0,Automatic,44704.0,2021,Kota Surabaya
www.mobbi.id/in/mobil-bekas/toyota-yaris-s-trd-7ab-2021/p/SN202305-000000388,Toyota,RUSH,S TRD,179000000.0,Automatic,99237.0,2016,Kab. Tangerang
www.mobbi.id/in/mobil-bekas/toyota-rush-s-trd-2021/p/SN202307-0000000139,Toyota,INNOVA,G LUX,209000000.0,Automatic,105287.0,2015,Kota Bekasi
www.mobbi.id/in/mobil-bekas/toyota-all-new-yaris-1-5-s-cvt-trd-2021/p/SN202306-0000003025,Toyota,ALTIS,V NEW,264000000.0,Automatic,74859.0,2017,Kota Tangerang Selatan
www.mobbi.id/in/mobil-bekas/toyota-avanza-1-3-e-2022/p/SN202307-0000000134,Toyota,CAMRY,V,226000000.0,Automatic,92922.0,2013,Kota Palembang
www.mobbi.id/in/mobil-bekas/-innova-innova-2-4-venturer-at-diesel-2019/p/SN202207-0000004078,Toyota,FORTUNER,G VNT,274000000.0,Manual,107301.0,2013,Kota Palembang
www.mobbi.id/in/mobil-bekas/toyota-fortuner-fortuner-2-4-vrz-at-diesel-2019/p/SN202210-0000000039,Toyota,CAMRY,HYBRID,320000000.0,Automatic,49943.0,2015,Kota Tangerang Selatan
www.mobbi.id/in/mobil-bekas/toyota-agya-1-2-g-m-t-new-2019/p/SN202305-0000000417,Toyota,SIENTA,Q,188000000.0,Automatic,111860.0,2016,Kota Surabaya
www.mobbi.id/in/mobil-bekas/toyota-rush-s-trd-2019/p/SN202306-000000438,Toyota,INNOVA,V,298000000.0,Automatic,104916.0,2018,Kota Jakarta Pusat
www.mobbi.id/in/mobil-bekas/toyota-rush-s-trd-2014/p/SN202305-000000609,Toyota,ALTIS,V NEW,267000000.0,Automatic,85108.0,2017,Kota Jakarta Timur
www.mobbi.id/in/mobil-bekas/toyota-yaris-s-trd-2020/p/SN202304-000000301,Toyota,RUSH,G,193000000.0,Automatic,49303.0,2017,Kota Bekasi
www.mobbi.id/in/mobil-bekas/toyota-camry-hybrid-2014/p/SN202305-000000206,Toyota,AVANZA,G,168000000.0,Automatic,142768.0,2018,Kota Bandung
www.mobbi.id/in/mobil-bekas/toyota-all-new-rush-1-5-s-a-t-gr-sport-2023/p/SN202305-0000000442,Toyota,INNOVA,G,304000000.0,Automatic,142986.0,2017,Kota Jakarta Utara
www.mobbi.id/in/mobil-bekas/toyota-rush-1-5-s-m-t-trd-2020/p/SN202306-0000006061,Toyota,VELLFIRE,ZG AUDIOLESS,618000000.0,Automatic,50828.0,2015,Kota Tangerang Selatan
www.mobbi.id/in/mobil-bekas/toyota-rush-rush-1-5-s-mt-trd-bensin-2014/p/SN202305-0000002168,Toyota,YARIS,S TRD 7AB,225000000.0,Automatic,41311.0,2019,Kota Jakarta Selatan
www.mobbi.id/in/mobil-bekas/toyota-calya-1-2-g-m-t-2022/p/SN202306-0000010112,Toyota,RUSH,S TRD SPORTIVO ULTIMO,172000000.0,Manual,142116.0,2017,Kota Jakarta Pusat
www.mobbi.id/in/mobil-bekas/toyota-fortuner-fortuner-2-4-vrz-trd-at-diesel-2020/p/SN202210-0000000040,Toyota,INNOVA,V,249000000.0,Automatic,257139.0,2016,Kota Bekasi
www.mobbi.id/in/mobil-bekas/toyota-camry-v-2018/p/SN202203-000000189,Toyota,RUSH,S TRD,160000000.0,Automatic,133806.0,2014,Kota Bandung
www.mobbi.id/in/mobil-bekas/toyota-c-hr-hybrid-2020/p/SN202303-000000051,Toyota,YARIS,S TRD,176000000.0,Automatic,78240.0,2015,Kota Jakarta Utara
www.mobbi.id/in/mobil-bekas/toyota-sienta-v-2019/p/SN202306-000000327,Toyota,RUSH,S TRD,171000000.0,Manual,85028.0,2016,Kota Tangerang Selatan
www.mobbi.id/in/mobil-bekas/toyota-rush-rush-1-5-s-mt-trd-bensin-2014/p/SN202307-0000000030,Toyota,CAMRY,V,248000000.0,Automatic,127534.0,2016,Kota Jakarta Timur
www.mobbi.id/in/mobil-bekas/toyota-innova-g-2019/p/SN202306-000000174,Toyota,YARIS,S TRD 7AB,212000000.0,Automatic,85899.0,2019,Kota Jakarta Pusat
www.mobbi.id/in/mobil-bekas/toyota-yaris-s-trd-2020/p/SN202303-000000322,Toyota,INNOVA,G,241000000.0,Automatic,192779.0,2015,Kab. Tangerang
www.mobbi.id/in/mobil-bekas/toyota-yaris-s-trd-2015/p/SN202304-000000135,Toyota,INNOVA,G,275000000.0,Manual,140694.0,2017,Kab. Tangerang
www.mobbi.id/in/mobil-bekas/toyota-rush-s-trd-2021/p/SN202305-000000617,Toyota,YARIS,S TRD NEW,230000000.0,Automatic,54120.0,2018,Kota Bandung
www.mobbi.id/in/mobil-bekas/toyota-all-new-rush-1-5-s-a-t-gr-sport-2022/p/SN202307-0000010127,Toyota,CAMRY,HYBRID,240000000.0,Automatic,82000.0,2014,Kota Bandung
www.mobbi.id/in/mobil-bekas/toyota-voxy-2018/p/SN202305-000000337,Toyota,AVANZA,G,161000000.0,Automatic,90836.0,2017,Kota Bekasi
www.mobbi.id/in/mobil-bekas/toyota-all-new-avanza-1-3-e-cvt-2022/p/SN202306-0000008028,Toyota,INNOVA,V,357000000.0,Automatic,35748.0,2018,Kota Jakarta Utara
www.mobbi.id/in/mobil-bekas/toyota-avanza-1-3-e-m-t-grande-2022/p/SN202306-0000006004,Toyota,AVANZA,VELOZ,177000000.0,Automatic,33728.0,2018,Kota Jakarta Pusat
www.mobbi.id/in/mobil-bekas/toyota-yaris-s-trd-7ab-2018/p/SN202305-000000292,Toyota,CAMRY,V,318000000.0,Automatic,88065.0,2018,Kota Bandung
www.mobbi.id/in/mobil-bekas/toyota-innova-q-venturer-2019/p/SN202305-000000022,Toyota,FORTUNER,VRZ TRD,409000000.0,Automatic,140214.0,2019,Kota Jakarta Pusat
www.mobbi.id/in/mobil-bekas/toyota-fortuner-4x4-2-4-vrz-a-t-diesel-2019/p/SN202306-0000004006,Toyota,YARIS,S TRD,242000000.0,Automatic,18030.0,2019,Kota Balikpapan
www.mobbi.id/in/mobil-bekas/toyota-altis-v-new-2017/p/SN202305-000000583,Toyota,FORTUNER,FORTUNER 2.4 VRZ TRD AT DIESEL,515100000.0,Automatic,45169.0,2020,Kota Bogor
www.mobbi.id/in/mobil-bekas/toyota-rush-rush-1-5-s-at-trd-bensin-2019/p/SN202208-0000004024,Toyota,INNOVA,INNOVA 2.4 VENTURER AT DIESEL,418000000.0,Automatic,74544.0,2019,Kota Tangerang Selatan
www.mobbi.id/in/mobil-bekas/toyota-grand-avanza-1-3-veloz-m-t-2020/p/SN202306-0000006069,Toyota,AVANZA,AVANZA 1.5 G MT,229500000.0,Manual,6366.0,2022,Kota Bekasi
www.mobbi.id/in/mobil-bekas/toyota-voxy-2019/p/SN202111-000000368,Toyota,AGYA,AGYA 1.2 G AT TRD BENSIN,136000000.0,Automatic,66156.0,2019,Kota Medan
www.mobbi.id/in/mobil-bekas/toyota-vios-g-2018/p/SN202305-000000772,Toyota,CALYA,1.2 G M/T,152650000.0,Manual,32079.0,2021,Kota Jakarta Selatan
www.mobbi.id/in/mobil-bekas/toyota-innova-v-2016/p/SN202305-000000758,Toyota,AGYA,1.2 G TRD M/T NEW,133300000.0,Manual,59013.0,2019,Kota Jakarta Selatan
www.mobbi.id/in/mobil-bekas/toyota-camry-camry-2-5-v-at-mc-2016/p/SN202206-0000001201,Toyota,ALL NEW RUSH,1.5 S A/T GR SPORT,285305000.0,Automatic,7743.0,2022,Kota Jakarta Selatan
www.mobbi.id/in/mobil-bekas/toyota-new-agya-1-2-g-gr-sport-a-t-2022/p/SN202305-0000000558,Toyota,ALL NEW AVANZA,1.5 G M/T,256280000.0,Manual,11915.0,2022,Kota Jakarta Selatan
www.mobbi.id/in/mobil-bekas/toyota-yaris-s-trd-7ab-2018/p/SN202307-000000031,Toyota,ALL NEW RUSH,1.5 S A/T LUX GR,266492500.0,Automatic,36908.0,2021,Kota Jakarta Selatan
www.mobbi.id/in/mobil-bekas/toyota-rush-rush-1-5-s-at-trd-bensin-2019/p/SN202303-0000008022,Toyota,AVANZA,1.3 G A/T GRANDe,175117500.0,Automatic,11405.0,2018,Kota Jakarta Selatan
www.mobbi.id/in/mobil-bekas/toyota-calya-1-2-g-m-t-2021/p/SN202305-0000000355,Toyota,CALYA,1.2 G A/T,165550000.0,Automatic,19537.0,2022,Kota Jakarta Selatan
www.mobbi.id/in/mobil-bekas/toyota-fortuner-vrz-trd-2020/p/SN202306-000000127,Toyota,RUSH,1.5 S A/T TRD,238542500.0,Automatic,35340.0,2020,Kota Jakarta Selatan
www.mobbi.id/in/mobil-bekas/toyota-c-hr-hybrid-2021/p/SN202306-000000351,Toyota,CALYA,1.2 G A/T,170387500.0,Automatic,14715.0,2022,Kota Jakarta Selatan
www.mobbi.id/in/mobil-bekas/toyota-calya-1-2-g-m-t-2022/p/SN202306-0000010106,Toyota,ALL NEW YARIS,1.5 S CVT TRD,267137500.0,Automatic,26825.0,2021,Kota Jakarta Selatan
www.mobbi.id/in/mobil-bekas/toyota-all-new-rush-1-5-s-a-t-gr-sport-2022/p/SN202305-0000000235,Toyota,RAIZE,1.0 GR S CVT ONE TONE,249830000.0,Automatic,8964.0,2022,Kota Jakarta Selatan
www.mobbi.id/in/mobil-bekas/toyota-yaris-s-trd-2018/p/SN202305-000000803,Toyota,ALL NEW AVANZA,1.5 G CVT TSS,252625000.0,Automatic,7770.0,2021,Kota Jakarta Selatan
www.mobbi.id/in/mobil-bekas/toyota-fortuner-vrz-2019/p/SN202306-000000054,Toyota,VELOZ,1.5 Q CVT,273050000.0,Automatic,11876.0,2022,Kota Jakarta Selatan
www.mobbi.id/in/mobil-bekas/toyota-agya-1-2-g-trd-m-t-new-2021/p/SN202305-0000000176,Toyota,ALL NEW AVANZA,1.5 G CVT,244455000.0,Automatic,10913.0,2022,Kota Jakarta Selatan
www.mobbi.id/in/mobil-bekas/toyota-camry-hybrid-2015/p/SN202303-000000416,Toyota,INNOVA,G,202000000.0,Automatic,58087.0,2015,Kota Jakarta Selatan
www.mobbi.id/in/mobil-bekas/toyota-yaris-s-trd-7ab-2019/p/SN202305-000000265,Toyota,FORTUNER,VRZ TRD,500000000.0,Automatic,76739.0,2020,Kota Medan
www.mobbi.id/in/mobil-bekas/toyota-avanza-grand-avanza-1-3-g-at-bensin-2017/p/SN202302-0000001023,Toyota,AVANZA,E,113300000.0,Automatic,120898.0,2014,Kota Jakarta Utara
www.mobbi.id/in/mobil-bekas/toyota-all-new-rush-1-5-s-a-t-lux-gr-2021/p/SN202306-0000003014,Toyota,VOXY,2.0 AT,375430000.0,Automatic,107210.0,2017,Kota Surabaya
www.mobbi.id/in/mobil-bekas/toyota-vellfire-v-2012/p/SN202204-000000366,Toyota,CX5,CX5 GT,510000000.0,Automatic,24506.0,2020,Kota Tangerang Selatan
www.mobbi.id/in/mobil-bekas/toyota-all-new-yaris-1-5-s-cvt-gr-sport-3-airbag-2022/p/SN202306-0000009062,Toyota,HRV,HRV 1.8 PRESTIGE,306000000.0,Automatic,71202.0,2018,Kota Bogor
www.mobbi.id/in/mobil-bekas/toyota-camry-v-2013/p/SN202303-000000337,Toyota,RUSH,RUSH 1.5 G MT,246840000.0,Manual,1438.0,2022,Kota Bogor
www.mobbi.id/in/mobil-bekas/toyota-avanza-g-2012/p/SN202303-000000293,Toyota,FORTUNER,FORTUNER 2.4 AT GR SPORT,555900000.0,Automatic,41508.0,2021,Kota Medan
www.mobbi.id/in/mobil-bekas/toyota-altis-v-2018/p/SN202203-000000218,Toyota,FORTUNER,FORTUNER 2.4 VRZ TRD AT DIESEL,491140000.0,Automatic,41775.0,2020,Kota Surabaya
www.mobbi.id/in/mobil-bekas/toyota-fortuner-vrz-trd-2020/p/SN202305-000000045,Toyota,FORTUNER,FORTUNER 2.4 VRZ AT DIESEL,469200000.0,Automatic,86470.0,2019,Kota Tangerang Selatan
www.mobbi.id/in/mobil-bekas/toyota-sienta-q-2016/p/SN202305-000000008,Toyota,FORTUNER,FORTUNER 2.4 VRZ TRD AT DIESEL,525300000.0,Automatic,53103.0,2020,Kota Tangerang Selatan
www.mobbi.id/in/mobil-bekas/toyota-fortuner-g-vnt-2013/p/SN202303-000000401,Toyota,YARIS,YARIS 1.5 S MT TRD,206040000.0,Manual,21460.0,2019,Kota Medan
www.mobbi.id/in/mobil-bekas/toyota-rush-s-trd-2020/p/SN202305-000000485,Toyota,CALYA,G,124000000.0,Automatic,90301.0,2019,Kota Jakarta Selatan
www.mobbi.id/in/mobil-bekas/toyota-camry-v-2016/p/SN202305-000000370,Toyota,AVANZA,G,100000000.0,Manual,183297.0,2012,Kota Jakarta Utara
www.mobbi.id/in/mobil-bekas/toyota-fortuner-fortuner-2-4-vrz-trd-at-diesel-2020/p/SN202207-0000001148,Toyota,CALYA,CALYA 1.2 G M/T,124440000.0,Manual,72534.0,2018,Kota Tangerang Selatan
www.mobbi.id/in/mobil-bekas/toyota-avanza-veloz-1-5-at-2015/p/SN202304-0000002003,Toyota,RUSH,RUSH 1.5 S AT TRD BENSIN,244800000.0,Automatic,60310.0,2019,Kota Bekasi
www.mobbi.id/in/mobil-bekas/toyota-innova-v-lux-2019/p/SN202305-000000001,Toyota,AVANZA,VELOZ 1.5 AT,140000000.0,Automatic,174624.0,2015,Kota Tangerang Selatan
www.mobbi.id/in/mobil-bekas/toyota-all-new-avanza-1-5-g-cvt-tss-2021/p/SN202305-0000000081,Toyota,YARIS,S TRD,211000000.0,Manual,29940.0,2020,Kota Depok
www.mobbi.id/in/mobil-bekas/toyota-calya-1-2-g-m-t-2022/p/SN202305-0000000427,Toyota,YARIS,S TRD 7AB,234000000.0,Automatic,59846.0,2018,Kota Surabaya
www.mobbi.id/in/mobil-bekas/toyota-rush-s-2012/p/SN202306-000000329,Toyota,ALL NEW AVANZA,1.5 G CVT TSS,258000000.0,Automatic,24085.0,2021,Kota Jakarta Selatan
www.mobbi.id/in/mobil-bekas/toyota-calya-1-2-e-std-m-t-2021/p/SN202306-0000006125,Toyota,CALYA,1.2 G M/T,153725000.0,Manual,35672.0,2022,Kota Jakarta Selatan
www.mobbi.id/in/mobil-bekas/toyota-yaris-s-trd-7ab-2018/p/SN202306-000000350,Toyota,CALYA,1.2 G M/T,152650000.0,Manual,36467.0,2021,Kota Jakarta Selatan
www.mobbi.id/in/mobil-bekas/toyota-calya-1-2-g-m-t-2023/p/SN202306-0000010076,Toyota,CALYA,1.2 G M/T,158562500.0,Manual,8136.0,2022,Kota Jakarta Selatan
www.mobbi.id/in/mobil-bekas/toyota-innova-v-2019/p/SN202305-000000749,Toyota,CALYA,1.2 G M/T,158562500.0,Manual,35415.0,2022,Kota Jakarta Selatan
www.mobbi.id/in/mobil-bekas/toyota-agya-1-2-g-gr-sport-m-t-2021/p/SN202306-0000009060,Toyota,CALYA,1.2 G M/T,158562500.0,Manual,27466.0,2022,Kota Jakarta Selatan
www.mobbi.id/in/mobil-bekas/Toyota-ALTIS/p/SN202104-000000633,Toyota,AVANZA,G,135000000.0,Automatic,122917.0,2015,Kota Jakarta Utara
www.mobbi.id/in/mobil-bekas/toyota-altis-g-2013/p/SN202306-000000217,Toyota,CAMRY,CAMRY 2.5 V AT MC,333815000.0,Automatic,33032.0,2016,Kota Surabaya
www.mobbi.id/in/mobil-bekas/toyota-veloz-1-5-q-cvt-tss-2022/p/SN202306-0000001009,Toyota,NEW AGYA,1.2 G GR SPORT A/T,168667500.0,Automatic,5907.0,2022,Kota Jakarta Selatan
www.mobbi.id/in/mobil-bekas/toyota-avanza-e-2014/p/SN202108-000000209,Toyota,RUSH,RUSH 1.5 S MT TRD BENSIN,158000000.0,Manual,44228.0,2014,Kota Bandung
www.mobbi.id/in/mobil-bekas/toyota-sienta-v-2017/p/SN202306-000000527,Toyota,FORTUNER,FORTUNER 2.4 VRZ TRD AT DIESEL,520067500.0,Automatic,39118.0,2020,
www.mobbi.id/in/mobil-bekas/toyota-fortuner-vrz-2018/p/SN202305-000000318,Toyota,INNOVA,INNOVA 2.4 VENTURER AT DIESEL,433500000.0,Automatic,66577.0,2019,Kota Bogor
www.mobbi.id/in/mobil-bekas/-all-new-avanza-1-5-g-m-t-2022/p/SN202305-0000000239,Toyota,FORTUNER,FORTUNER 2.4 VRZ AT DIESEL,494700000.0,Automatic,48985.0,2020,Kota Tangerang Selatan
www.mobbi.id/in/mobil-bekas/toyota-avanza-veloz-2018/p/SN202306-000000436,Toyota,FORTUNER,FORTUNER 2.5 G AT VNT TRD DIESEL,300311589.0,Automatic,113462.0,2014,Kota Tangerang Selatan
www.mobbi.id/in/mobil-bekas/toyota-avanza-veloz-1-3-at-2018/p/SN202210-0000006093,Toyota,AVANZA,E,76000000.0,Automatic,235214.0,2011,Makassar
www.mobbi.id/in/mobil-bekas/toyota-all-new-avanza-1-5-g-cvt-2022/p/SN202306-0000003039,Toyota,CALYA,1.2 E M/T,128462500.0,Manual,77463.0,2019,Kota Jakarta Selatan
www.mobbi.id/in/mobil-bekas/toyota-innova-g-2017/p/SN202306-000000200,Toyota,CALYA,1.2 G M/T,123087500.0,Manual,119860.0,2018,Kota Jakarta Selatan
www.mobbi.id/in/mobil-bekas/-calya-1-2-e-m-t-2019/p/SN202305-0000000598,Toyota,AGYA,1.2 G TRD M/T NEW,133300000.0,Manual,68072.0,2019,Kota Jakarta Selatan
www.mobbi.id/in/mobil-bekas/toyota-cx5-cx5-gt-2020/p/SN202210-0000000003,Toyota,CALYA,1.2 G A/T,172537500.0,Automatic,14437.0,2022,Kota Jakarta Selatan
www.mobbi.id/in/mobil-bekas/toyota-innova-v-2014/p/SN202306-000000355,Toyota,AVANZA,VELOZ 1.5 MT,195000000.0,Manual,41178.0,2019,Kab. Bekasi
www.mobbi.id/in/mobil-bekas/toyota-avanza-veloz-1-5-at-2017/p/SN202210-0000006100,Toyota,AVANZA,G TSS,236000000.0,Automatic,3629.0,2022,Kota Jakarta Utara
www.mobbi.id/in/mobil-bekas/toyota-innova-v-2016/p/SN202306-000000042,Toyota,ALTIS,V NEW,344000000.0,Automatic,46280.0,2019,Kota Jakarta Selatan
www.mobbi.id/in/mobil-bekas/toyota-innova-g-2019/p/SN202305-000000397,Toyota,INNOVA,G,322000000.0,Manual,103039.0,2019,Kota Surabaya
www.mobbi.id/in/mobil-bekas/toyota-all-new-rush-1-5-g-m-t-2021/p/SN202306-0000006113,Toyota,FORTUNER,4X4 2.4 VRZ A/T DIESEL,484180000.0,Automatic,90733.0,2019,Kota Jakarta Selatan
www.mobbi.id/in/mobil-bekas/toyota-agya-1-2-g-trd-m-t-new-2019/p/SN202305-0000000602,Toyota,CALYA,1.2 G M/T,153725000.0,Manual,36129.0,2022,Kota Jakarta Selatan
www.mobbi.id/in/mobil-bekas/toyota-calya-g-2019/p/SN202306-000000059,Toyota,CALYA,1.2 G M/T,158562500.0,Manual,86840.0,2022,Kota Jakarta Selatan
www.mobbi.id/in/mobil-bekas/toyota-calya-1-2-g-m-t-2023/p/SN202306-0000009026,Toyota,CALYA,1.2 G M/T,158562500.0,Manual,44878.0,2022,Kota Jakarta Selatan
www.mobbi.id/in/mobil-bekas/toyota-sienta-e-2018/p/SN202307-0000000135,Toyota,AVANZA,1.3 E M/T GRANDe,162325000.0,Manual,154900.0,2022,Kota Jakarta Selatan
www.mobbi.id/in/mobil-bekas/toyota-avanza-grand-avanza-1-3-g-at-bensin-2018/p/SN202302-0000001024,Toyota,ALL NEW RUSH,1.5 S M/T GR SPORT,274555000.0,Manual,10509.0,2022,Kota Jakarta Selatan
www.mobbi.id/in/mobil-bekas/toyota-rush-s-trd-sportivo-ultimo-2017/p/SN202305-000000608,Toyota,CALYA,1.2 G M/T,153725000.0,Manual,75519.0,2022,Kota Jakarta Selatan
www.mobbi.id/in/mobil-bekas/toyota-innova-g-2015/p/SN202305-000000573,Toyota,INNOVA,G,325000000.0,Automatic,85824.0,2017,Kota Tangerang Selatan
www.mobbi.id/in/mobil-bekas/toyota-rush-g-2019/p/SN202305-000000518,Toyota,RUSH,1.5 S M/T TRD,206830000.0,Manual,32152.0,2020,Kota Jakarta Selatan
www.mobbi.id/in/mobil-bekas/toyota-yaris-yaris-1-5-s-cvt-gr-sport-2021/p/SN202212-0000006108,Toyota,CALYA,1.2 G M/T,159530000.0,Manual,11663.0,2023,Kota Jakarta Selatan
www.mobbi.id/in/mobil-bekas/toyota-fortuner-vrz-2018/p/SN202305-000000338,Toyota,CALYA,1.2 G M/T,152650000.0,Manual,100835.0,2021,Kota Jakarta Selatan
www.mobbi.id/in/mobil-bekas/toyota-rush-s-trd-2021/p/SN202306-000000140,Toyota,CALYA,1.2 G M/T,170387500.0,Manual,33015.0,2022,Kota Jakarta Selatan
www.mobbi.id/in/mobil-bekas/toyota-yaris-s-trd-7ab-2019/p/SN202305-000000584,Toyota,CALYA,1.2 G M/T,170387500.0,Manual,57623.0,2022,Kota Jakarta Selatan
www.mobbi.id/in/mobil-bekas/toyota-fortuner-fortuner-2-4-vrz-at-diesel-2017/p/SN202212-0000006048,Toyota,AGYA,1.2 G GR SPORT A/T,165012500.0,Automatic,25232.0,2022,Kota Jakarta Selatan
www.mobbi.id/in/mobil-bekas/toyota-avanza-g-2018/p/SN202303-000000694,Toyota,AGYA,1.2 G TRD A/T NEW,148350000.0,Automatic,74557.0,2020,Kota Jakarta Selatan
www.mobbi.id/in/mobil-bekas/toyota-veloz-1-5-q-cvt-2022/p/SN202306-0000003035,Toyota,ALL NEW RUSH,1.5 S A/T GR SPORT,277780000.0,Automatic,34441.0,2022,Kota Jakarta Selatan
www.mobbi.id/in/mobil-bekas/toyota-innova-g-2017/p/SN202305-000000169,Toyota,YARIS,S TRD 7AB,213000000.0,Automatic,72529.0,2018,Kota Jakarta Pusat
www.mobbi.id/in/mobil-bekas/toyota-rush-s-trd-sportivo-ultimo-2017/p/SN202306-000000164,Toyota,AGYA,G,91800000.0,Manual,43395.0,2014,Kota Tangerang Selatan
www.mobbi.id/in/mobil-bekas/toyota-calya-1-2-g-m-t-2022/p/SN202306-0000006097,Toyota,INNOVA,V,423300000.0,Automatic,23178.0,2022,Kota Tangerang Selatan
www.mobbi.id/in/mobil-bekas/toyota-calya-1-2-g-a-t-2022/p/SN202306-0000003023,Toyota,AVANZA,1.3 E M/T GRANDe,159100000.0,Manual,104797.0,2019,Kota Jakarta Selatan
www.mobbi.id/in/mobil-bekas/toyota-innova-v-lux-2017/p/SN202306-000000418,Toyota,AVANZA,ALL NEW AVANZA 1.5 G MT,216000000.0,Manual,21213.0,2022,Kota Bandung
www.mobbi.id/in/mobil-bekas/toyota-raize-1-0-gr-s-cvt-one-tone-2022/p/SN202306-0000003028,Toyota,INNOVA,V,372000000.0,Manual,34234.0,2019,Kota Jakarta Timur
www.mobbi.id/in/mobil-bekas/toyota-agya-agya-1-2-g-at-trd-bensin-2019/p/SN202304-0000002042,Toyota,ALL NEW AVANZA,1500 M/T VELOZ,173612500.0,Manual,49668.0,2018,Kota Jakarta Selatan
www.mobbi.id/in/mobil-bekas/toyota-avanza-g-2019/p/SN202307-0000000141,Toyota,RUSH,G,213000000.0,Automatic,71134.0,2018,Kota Jakarta Timur
www.mobbi.id/in/mobil-bekas/toyota-all-new-rush-1-5-s-a-t-gr-sport-2022/p/SN202306-0000003009,Toyota,SIENTA,V,181000000.0,Automatic,119000.0,2017,Kota Bandung
www.mobbi.id/in/mobil-bekas/toyota-rush-rush-1-5-g-mt-2022/p/SN202210-0000000002,Toyota,RUSH,S TRD,220000000.0,Automatic,67700.0,2018,Kota Jakarta Pusat
www.mobbi.id/in/mobil-bekas/toyota-yaris-s-trd-7ab-2018/p/SN202305-000000795,Toyota,SIENTA,V,215000000.0,Automatic,36588.0,2019,Kota Bandung
www.mobbi.id/in/mobil-bekas/toyota-calya-1-2-g-m-t-2021/p/SN202305-0000000346,Toyota,RUSH,S,125000000.0,Automatic,240432.0,2012,Kota Bandung
www.mobbi.id/in/mobil-bekas/toyota-yaris-s-trd-2019/p/SN202306-000000306,Toyota,ALL NEW AVANZA,1.3 E CVT,217042500.0,Automatic,22371.0,2022,Kota Jakarta Selatan
www.mobbi.id/in/mobil-bekas/toyota-rush-s-trd-2016/p/SN202306-000000296,Toyota,YARIS,S TRD 7AB,210000000.0,Automatic,84476.0,2018,Kota Bekasi
www.mobbi.id/in/mobil-bekas/toyota-agya-1-2-g-gr-sport-a-t-2022/p/SN202306-0000009059,Toyota,C-HR,HYBRID,450000000.0,Automatic,23638.0,2021,Kota Jakarta Selatan
www.mobbi.id/in/mobil-bekas/toyota-alphard-alphard-2-4-x-a-t-2014/p/SN202212-0000001101,Toyota,CALYA,1.2 G M/T,161142500.0,Manual,8319.0,2023,Kota Jakarta Selatan
www.mobbi.id/in/mobil-bekas/toyota-calya-1-2-g-m-t-2018/p/SN202305-0000000599,Toyota,INNOVA,V,244000000.0,Manual,90892.0,2014,Kota Jakarta Selatan
www.mobbi.id/in/mobil-bekas/toyota-vellfire-zg-audioless-2015/p/SN202303-000000196,Toyota,NEW AGYA,1.2 G GR SPORT M/T,151575000.0,Manual,9191.0,2022,Kota Jakarta Selatan
www.mobbi.id/in/mobil-bekas/toyota-calya-1-2-e-m-t-2018/p/SN202305-0000000254,Toyota,RAIZE,GR TURBO SPORT TSS 2T,260000000.0,Automatic,11878.0,2022,Kota Bandung
www.mobbi.id/in/mobil-bekas/toyota-rush-s-trd-2017/p/SN202305-000000506,Toyota,ALTIS,V,287000000.0,Automatic,78592.0,2018,Kota Tangerang Selatan
www.mobbi.id/in/mobil-bekas/toyota-hrv-hrv-1-8-prestige-2018/p/SN202210-0000000001,Toyota,BALENO,BALENO HATCHBACK MT,192000000.0,Manual,9235.0,2020,Kota Bandung
www.mobbi.id/in/mobil-bekas/toyota-agya-1-2-g-trd-a-t-new-2020/p/SN202306-0000010121,Toyota,AVANZA,VELOZ 1.3 AT,188000000.0,Automatic,46124.0,2018,Kab. Bekasi
www.mobbi.id/in/mobil-bekas/toyota-camry-v-2018/p/SN202305-000000473,Toyota,AVANZA,VELOZ 1.5 AT,163200000.0,Automatic,51333.0,2017,Kota Bogor
www.mobbi.id/in/mobil-bekas/toyota-yaris-yaris-1-5-s-mt-trd-2019/p/SN202210-0000006021,Toyota,AGYA,AGYA 1.2 G MT BENSIN,131580000.0,Manual,8776.0,2020,Kota Bogor
www.mobbi.id/in/mobil-bekas/toyota-calya-1-2-g-m-t-2022/p/SN202306-0000003067,Toyota,FORTUNER,FORTUNER 2.4 VRZ TRD AT DIESEL,499800000.0,Automatic,32159.0,2019,Kota Bekasi
www.mobbi.id/in/mobil-bekas/toyota-yaris-s-trd-heykers-2016/p/SN202305-000000409,Toyota,FORTUNER,FORTUNER 2.4 VRZ AT DIESEL,433500000.0,Automatic,69771.0,2017,Kota Bekasi
www.mobbi.id/in/mobil-bekas/toyota-calya-1-2-g-a-t-2022/p/SN202306-0000003021,Toyota,YARIS,YARIS 1.5 S CVT GR SPORT,285600000.0,Automatic,10634.0,2021,Kota Bekasi
www.mobbi.id/in/mobil-bekas/toyota-calya-1-2-g-m-t-2021/p/SN202306-0000010084,Toyota,INNOVA,Q VENTURER,345000000.0,Automatic,107711.0,2019,Kota Surabaya
www.mobbi.id/in/mobil-bekas/toyota-rush-g-2019/p/SN202306-000000035,Toyota,CALYA,1.2 G M/T,156412500.0,Manual,12603.0,2022,Kota Jakarta Selatan
www.mobbi.id/in/mobil-bekas/toyota-fortuner-vrz-trd-2020/p/SN202305-000000798,Toyota,AGYA,1.2 G TRD M/T NEW,138675000.0,Manual,53512.0,2020,Kota Jakarta Selatan
www.mobbi.id/in/mobil-bekas/toyota-innova-v-2022/p/SN202307-0000000023,Toyota,SIENTA,V,161000000.0,Manual,205144.0,2017,Kota Bandung
www.mobbi.id/in/mobil-bekas/toyota-avanza-avanza-1-5-g-mt-2022/p/SN202303-0000008001,Toyota,NEW AGYA,1.2 G GR SPORT A/T,165550000.0,Automatic,16547.0,2022,Kota Jakarta Selatan
www.mobbi.id/in/mobil-bekas/toyota-avanza-g-2011/p/SN202306-000000053,Toyota,AVANZA,1.3 E,227000000.0,Automatic,10802.0,2022,Kota Bandung
www.mobbi.id/in/mobil-bekas/toyota-yaris-s-trd-7ab-2018/p/SN202305-000000268,Toyota,SIENTA,E,168300000.0,Automatic,70036.0,2018,Kota Tangerang Selatan
www.mobbi.id/in/mobil-bekas/toyota-innova-q-venturer-2017/p/SN202306-000000068,Toyota,RUSH,S TRD,249900000.0,Automatic,41773.0,2021,Kota Bogor
www.mobbi.id/in/mobil-bekas/Toyota-INNOVA/p/SN202101-000000203,Toyota,AVANZA,G,190740000.0,Automatic,110000.0,2019,Kota Bekasi
www.mobbi.id/in/mobil-bekas/toyota-calya-1-2-g-m-t-2022/p/SN202306-0000004031,Toyota,RAIZE,1.2 G ONE TONE CVT,223492500.0,Automatic,7177.0,2022,Kota Jakarta Selatan
www.mobbi.id/in/mobil-bekas/toyota-all-new-rush-1-5-s-a-t-gr-sport-2022/p/SN202306-0000003011,Toyota,INNOVA,V,262000000.0,Automatic,110127.0,2016,Kota Bekasi
www.mobbi.id/in/mobil-bekas/toyota-calya-1-2-g-m-t-2018/p/SN202306-0000002005,Toyota,AVANZA,G,92000000.0,Manual,130873.0,2011,Kota Jakarta Utara
www.mobbi.id/in/mobil-bekas/toyota-agya-g-2014/p/SN202307-0000000018,Toyota,CALYA,1.2 G A/T,162325000.0,Automatic,17369.0,2022,Kota Jakarta Selatan
www.mobbi.id/in/mobil-bekas/toyota-yaris-g-new-2018/p/SN202205-000000157,Toyota,VELOZ,1.5 Q CVT TSS,307450000.0,Automatic,30077.0,2022,Kota Jakarta Selatan
www.mobbi.id/in/mobil-bekas/toyota-new-agya-1-2-g-gr-sport-m-t-2022/p/SN202306-0000009035,Toyota,AGYA,1.2 G GR SPORT A/T,175117500.0,Automatic,20142.0,2022,Kota Jakarta Selatan
www.mobbi.id/in/mobil-bekas/-fortuner-fortuner-2-4-vrz-trd-at-diesel-2020/p/SN202210-0000000025,Toyota,AGYA,1.2 G GR SPORT M/T,142437500.0,Manual,25623.0,2021,Kota Jakarta Selatan
www.mobbi.id/in/mobil-bekas/toyota-agya-1-2-g-gr-sport-a-t-2022/p/SN202306-0000010114,Toyota,ALL NEW RUSH,1.5 G A/T,278317500.0,Automatic,6636.0,2022,Kota Jakarta Selatan
www.mobbi.id/in/mobil-bekas/toyota-fortuner-g-vnt-trd-2012/p/SN202307-000000101,Toyota,ALL NEW YARIS,1.5 S CVT GR SPORT 3 AIRBAG,312180000.0,Automatic,6058.0,2022,Kota Jakarta Selatan
www.mobbi.id/in/mobil-bekas/suzuki-baleno-baleno-hatchback-mt-2020/p/SN202210-0000006084,Toyota,AGYA,AGYA 1.2 G AT TRD BENSIN,168300000.0,Automatic,14002.0,2021,Kota Bekasi
www.mobbi.id/in/mobil-bekas/toyota-yaris-s-trd-2020/p/SN202305-000000486,Toyota,ALPHARD,ALPHARD 2.4 X A/T,306000000.0,Automatic,107593.0,2014,Kota Bekasi
www.mobbi.id/in/mobil-bekas/toyota-avanza-g-tss-2022/p/SN202206-000000346,Toyota,RAIZE,RAIZE 1.0T GR SPORT CVT,242000000.0,Automatic,2665.0,2021,Kota Bandung
www.mobbi.id/in/mobil-bekas/toyota-sienta-v-2017/p/SN202305-000000192,Toyota,RAIZE,RAIZE 1.0T GR SPORT CVT,250000000.0,Automatic,20604.0,2021,Kota Bandung
www.mobbi.id/in/mobil-bekas/toyota-sienta-v-2017/p/SN202305-000000766,Toyota,AVANZA,1.5 G,229500000.0,Automatic,27223.0,2021,Kota Bogor
www.mobbi.id/in/mobil-bekas/toyota-fortuner-fortuner-2-4-vrz-at-diesel-2020/p/SN202208-0000002021,Toyota,RUSH,RUSH 1.5 S MT TRD BENSIN,157000000.0,Manual,60243.0,2014,Kota Bandung
www.mobbi.id/in/mobil-bekas/toyota-calya-1-2-g-m-t-2021/p/SN202306-0000003074,Toyota,INNOVA,V,270000000.0,Automatic,119900.0,2016,Kota Surabaya
www.mobbi.id/in/mobil-bekas/toyota-calya-1-2-g-a-t-2019/p/SN202306-0000003003,Toyota,AGYA,1.2 G TRD M/T NEW,143405000.0,Manual,28315.0,2021,Kota Jakarta Selatan
www.mobbi.id/in/mobil-bekas/toyota-yaris-s-trd-2019/p/SN202305-000000419,Toyota,SIENTA,V,182000000.0,Automatic,59519.0,2017,Kota Tangerang Selatan
www.mobbi.id/in/mobil-bekas/toyota-agya-1-2-g-trd-m-t-new-2019/p/SN202305-0000000340,Toyota,ALL NEW RUSH,1.5 S A/T GR SPORT,293905000.0,Automatic,5303.0,2023,Kota Jakarta Selatan
www.mobbi.id/in/mobil-bekas/Toyota-YARIS/p/SN201912-000000028,Toyota,AVANZA,1.5 G M/T,165012500.0,Manual,34092.0,2018,Kota Jakarta Selatan
www.mobbi.id/in/mobil-bekas/toyota-raize-raize-1-0t-gr-sport-cvt-2021/p/SN202301-0000002057,Toyota,GRAND AVANZA,1.3 VELOZ M/T,195650000.0,Manual,35493.0,2020,Kota Jakarta Selatan
www.mobbi.id/in/mobil-bekas/toyota-avanza-1-3-e-m-t-grande-2019/p/SN202305-0000000632,Toyota,CALYA,1.2 G M/T,153725000.0,Manual,48981.0,2022,Kota Jakarta Selatan
www.mobbi.id/in/mobil-bekas/toyota-innova-v-2019/p/SN202306-000000215,Toyota,ALL NEW RUSH,1.5 G M/T,243917500.0,Manual,3693.0,2021,Kota Jakarta Selatan
www.mobbi.id/in/mobil-bekas/toyota-yaris-s-trd-7ab-2019/p/SN202303-000000355,Toyota,CALYA,1.2 E STD M/T,138137500.0,Manual,80171.0,2021,Kota Jakarta Selatan
www.mobbi.id/in/mobil-bekas/toyota-agya-agya-1-2-g-at-trd-bensin-2021/p/SN202212-0000001103,Toyota,INNOVA,V,367000000.0,Automatic,77688.0,2019,Kota Jakarta Utara
www.mobbi.id/in/mobil-bekas/toyota-innova-g-lux-2018/p/SN202306-000000431,Toyota,ALTIS,G,124000000.0,Automatic,143566.0,2013,Kota Denpasar
www.mobbi.id/in/mobil-bekas/toyota-innova-v-2016/p/SN202305-000000049,Toyota,YARIS,G NEW,198000000.0,Automatic,42201.0,2018,Kota Jakarta Utara
www.mobbi.id/in/mobil-bekas/toyota-avanza-g-2016/p/SN202305-000000415,Toyota,RUSH,RUSH 1.5 S AT TRD BENSIN,241568400.0,Automatic,51760.0,2019,Kota Surabaya
www.mobbi.id/in/mobil-bekas/toyota-avanza-veloz-1-5-mt-2019/p/SN202305-0000000627,Toyota,AVANZA,GRAND AVANZA 1.3 G AT BENSIN,163200000.0,Automatic,95840.0,2018,Kota Medan
www.mobbi.id/in/mobil-bekas/toyota-rush-s-trd-2016/p/SN202305-000000336,Toyota,AVANZA,GRAND AVANZA 1.3 G AT BENSIN,168300000.0,Automatic,56000.0,2017,Kota Medan
www.mobbi.id/in/mobil-bekas/toyota-raize-1-2-g-one-tone-cvt-2022/p/SN202305-0000000707,Toyota,CALYA,1.2 E M/T,118787500.0,Manual,110911.0,2018,Kota Jakarta Selatan
www.mobbi.id/in/mobil-bekas/toyota-avanza-g-2015/p/SN202305-000000343,Toyota,RUSH,S TRD,205000000.0,Manual,76656.0,2017,Kota Surabaya
www.mobbi.id/in/mobil-bekas/toyota-rush-g-2018/p/SN202305-000000760,Toyota,FORTUNER,G VNT TRD,254000000.0,Automatic,119350.0,2012,Kota Depok
www.mobbi.id/in/mobil-bekas/toyota-calya-g-2019/p/SN202306-000000163,Toyota,CALYA,1.2 G M/T,152650000.0,Manual,55698.0,2021,Kota Jakarta Selatan
www.mobbi.id/in/mobil-bekas/toyota-all-new-rush-1-5-g-a-t-2022/p/SN202306-0000009061,Toyota,RAIZE,1.0 GR S CVT TSS TWO TONE,268105000.0,Automatic,10962.0,2022,Kota Jakarta Selatan
www.mobbi.id/in/mobil-bekas/toyota-altis-v-new-2019/p/SN202306-000000168,Toyota,NEW AGYA,1.2 G GR SPORT A/T,165012500.0,Automatic,11679.0,2022,Kota Jakarta Selatan
www.mobbi.id/in/mobil-bekas/toyota-avanza-veloz-2018/p/SN202306-000000466,Toyota,AGYA,1.2 G M/T NEW,127387500.0,Manual,61752.0,2019,Kota Jakarta Selatan
www.mobbi.id/in/mobil-bekas/toyota-camry-v-2019/p/SN202303-000000315,Toyota,CALYA,1.2 G M/T,153725000.0,Manual,74161.0,2022,Kota Jakarta Selatan
www.mobbi.id/in/mobil-bekas/toyota-calya-1-2-g-m-t-2022/p/SN202306-0000002023,Toyota,CALYA,1.2 G M/T,126312500.0,Manual,105274.0,2018,Kota Jakarta Selatan
www.mobbi.id/in/mobil-bekas/toyota-innova-v-lux-2017/p/SN202305-000000514,Toyota,CALYA,1.2 G M/T,170387500.0,Manual,12503.0,2022,Kota Jakarta Selatan
www.mobbi.id/in/mobil-bekas/toyota-avanza-1-5-g-2021/p/SN202301-0000002065,Toyota,CALYA,1.2 G A/T,140287500.0,Automatic,195590.0,2019,Kota Jakarta Selatan
www.mobbi.id/in/mobil-bekas/toyota-raize-raize-1-0t-gr-sport-cvt-2021/p/SN202301-0000002056,Toyota,ALL NEW RUSH,1.5 S A/T GR SPORT,307880000.0,Automatic,4606.0,2022,Kota Jakarta Selatan
www.mobbi.id/in/mobil-bekas/toyota-rush-g-2017/p/SN202305-000000524,Toyota,ALL NEW RUSH,1.5 S A/T GR SPORT,286917500.0,Automatic,18938.0,2022,Kota Jakarta Selatan
www.mobbi.id/in/mobil-bekas/toyota-yaris-s-trd-2019/p/SN202305-000000555,Toyota,INNOVA,V LUX,345000000.0,Manual,55533.0,2017,Kota Jakarta Pusat
www.mobbi.id/in/mobil-bekas/toyota-all-new-avanza-1500-m-t-veloz-2018/p/SN202305-0000000664,Toyota,INNOVA,G LUX,340000000.0,Automatic,38745.0,2018,Kota Bekasi
www.mobbi.id/in/mobil-bekas/toyota-fortuner-fortuner-2-4-vrz-trd-at-diesel-2019/p/SN202212-0000006054,Toyota,AVANZA,VELOZ,170000000.0,Automatic,138697.0,2018,Kota Bandung
www.mobbi.id/in/mobil-bekas/toyota-calya-1-2-g-m-t-2022/p/SN202306-0000005005,Toyota,RUSH,S TRD,200000000.0,Automatic,163754.0,2019,Kota Jakarta Timur
www.mobbi.id/in/mobil-bekas/toyota-calya-g-2021/p/SN202303-000000728,Toyota,AVANZA,G,90000000.0,Manual,206437.0,2011,Kota Jakarta Timur
